day,hour,minute,temperature_C,power_W,pmv
182,0,10,23.09,0.0,-0.46
182,0,20,23.08,0.0,-0.46
182,0,30,23.08,0.0,-0.46
182,0,40,23.07,0.0,-0.46
182,0,50,23.07,0.0,-0.47
182,0,60,23.06,0.0,-0.47
182,1,10,23.06,0.0,-0.47
182,1,20,23.05,0.0,-0.48
182,1,30,23.04,0.0,-0.48
182,1,40,23.03,0.0,-0.48
182,1,50,23.02,0.0,-0.49
182,1,60,23.02,0.0,-0.49
182,2,10,23.01,0.0,-0.5
182,2,20,23.0,0.0,-0.5
182,2,30,22.99,0.0,-0.51
182,2,40,22.98,0.0,-0.51
182,2,50,22.97,0.0,-0.52
182,2,60,22.96,0.0,-0.52
182,3,10,22.95,0.0,-0.52
182,3,20,22.94,0.0,-0.53
182,3,30,22.93,0.0,-0.53
182,3,40,22.92,0.0,-0.54
182,3,50,22.91,0.0,-0.55
182,3,60,22.9,0.0,-0.55
182,4,10,22.89,0.0,-0.55
182,4,20,22.89,0.0,-0.56
182,4,30,22.88,0.0,-0.56
182,4,40,22.87,0.0,-0.56
182,4,50,22.87,0.0,-0.57
182,4,60,22.86,0.0,-0.57
182,5,10,22.86,0.0,-0.57
182,5,20,22.85,0.0,-0.58
182,5,30,22.84,0.0,-0.58
182,5,40,22.84,0.0,-0.58
182,5,50,22.83,0.0,-0.58
182,5,60,22.83,0.0,-0.58
182,6,15,22.83,0.0,-0.59
182,6,25,22.83,0.0,-0.59
182,6,35,22.83,0.0,-0.59
182,6,45,22.82,0.0,-0.59
182,6,55,22.82,0.0,-0.59
182,6,65,22.82,0.0,-0.59
182,7,15,22.83,0.0,-0.59
182,7,25,22.84,0.0,-0.58
182,7,35,22.84,0.0,-0.58
182,7,45,22.85,0.0,-0.57
182,7,55,22.86,0.0,-0.57
182,7,65,22.88,0.0,-0.56
182,8,15,22.89,0.0,-0.56
182,8,25,22.9,0.0,-0.55
182,8,35,22.91,0.0,-0.55
182,8,43,22.92,0.0,-0.54
182,8,53,22.93,0.0,-0.53
182,8,63,22.95,0.0,-0.53
182,9,13,22.96,0.0,-0.52
182,9,23,22.97,0.0,-0.51
182,9,33,22.99,0.0,-0.51
182,9,43,23.0,0.0,-0.5
182,9,53,23.02,0.0,-0.49
182,9,63,23.04,0.0,-0.48
182,10,13,23.05,0.0,-0.47
182,10,23,23.07,0.0,-0.46
182,10,35,23.09,0.0,-0.46
182,10,45,23.11,0.0,-0.45
182,10,55,23.12,0.0,-0.44
182,10,65,23.14,0.0,-0.43
182,11,10,23.16,0.0,-0.42
182,11,20,23.17,0.0,-0.42
182,11,30,23.18,0.0,-0.41
182,11,40,23.19,0.0,-0.41
182,11,50,23.19,0.0,-0.4
182,11,60,23.2,0.0,-0.4
182,12,10,23.21,0.0,-0.39
182,12,20,23.23,0.0,-0.38
182,12,30,23.25,0.0,-0.38
182,12,40,23.27,0.0,-0.37
182,12,50,23.28,0.0,-0.36
182,12,60,23.3,0.0,-0.35
182,13,10,23.31,0.0,-0.35
182,13,20,23.3,0.0,-0.35
182,13,30,23.3,0.0,-0.35
182,13,40,23.29,0.0,-0.36
182,13,50,23.28,0.0,-0.36
182,13,60,23.26,0.0,-0.37
182,14,10,23.26,0.0,-0.37
182,14,20,23.26,0.0,-0.37
182,14,30,23.26,0.0,-0.37
182,14,40,23.26,0.0,-0.37
182,14,55,23.26,0.0,-0.37
182,14,65,23.26,0.0,-0.37
182,15,13,23.25,0.0,-0.37
182,15,23,23.24,0.0,-0.38
182,15,33,23.21,0.0,-0.39
182,15,43,23.18,0.0,-0.41
182,15,53,23.16,0.0,-0.42
182,15,63,23.13,0.0,-0.44
182,16,13,23.1,0.0,-0.45
182,16,23,23.09,0.0,-0.46
182,16,33,23.07,0.0,-0.46
182,16,45,23.06,0.0,-0.47
182,16,55,23.05,0.0,-0.48
182,16,65,23.03,0.0,-0.48
182,17,15,23.03,0.0,-0.49
182,17,25,23.03,0.0,-0.49
182,17,35,23.03,0.0,-0.49
182,17,40,23.03,0.0,-0.48
182,17,50,23.04,0.0,-0.48
182,17,60,23.04,0.0,-0.48
182,18,10,23.04,0.0,-0.48
182,18,25,23.04,0.0,-0.48
182,18,35,23.04,0.0,-0.48
182,18,45,23.04,0.0,-0.48
182,18,55,23.04,0.0,-0.48
182,18,65,23.04,0.0,-0.48
182,19,15,23.04,0.0,-0.48
182,19,25,23.04,0.0,-0.48
182,19,35,23.04,0.0,-0.48
182,19,45,23.03,0.0,-0.48
182,19,55,23.03,0.0,-0.48
182,19,65,23.03,0.0,-0.49
182,20,10,23.02,0.0,-0.49
182,20,20,23.02,0.0,-0.49
182,20,30,23.02,0.0,-0.49
182,20,40,23.02,0.0,-0.49
182,20,50,23.02,0.0,-0.49
182,20,60,23.01,0.0,-0.49
182,21,10,23.02,0.0,-0.49
182,21,20,23.03,0.0,-0.48
182,21,30,23.04,0.0,-0.48
182,21,40,23.05,0.0,-0.47
182,21,50,23.07,0.0,-0.47
182,21,60,23.08,0.0,-0.46
182,22,10,23.09,0.0,-0.45
182,22,20,23.09,0.0,-0.45
182,22,30,23.1,0.0,-0.45
182,22,40,23.1,0.0,-0.45
182,22,50,23.1,0.0,-0.45
182,22,60,23.1,0.0,-0.45
182,23,10,23.17,0.0,-0.41
182,23,20,23.21,0.0,-0.4
182,23,30,23.23,0.0,-0.38
182,23,40,23.24,0.0,-0.38
182,23,50,23.25,0.0,-0.37
182,23,60,23.26,0.0,-0.37
183,0,10,23.27,0.0,-0.37
183,0,20,23.27,0.0,-0.36
183,0,30,23.27,0.0,-0.36
183,0,40,23.28,0.0,-0.36
183,0,50,23.28,0.0,-0.36
183,0,60,23.28,0.0,-0.36
183,1,10,23.28,0.0,-0.36
183,1,20,23.28,0.0,-0.36
183,1,30,23.28,0.0,-0.36
183,1,40,23.28,0.0,-0.36
183,1,50,23.28,0.0,-0.36
183,1,60,23.28,0.0,-0.36
183,2,10,23.28,0.0,-0.36
183,2,20,23.28,0.0,-0.36
183,2,30,23.28,0.0,-0.36
183,2,40,23.28,0.0,-0.36
183,2,50,23.28,0.0,-0.36
183,2,60,23.28,0.0,-0.36
183,3,10,23.27,0.0,-0.36
183,3,20,23.27,0.0,-0.36
183,3,30,23.27,0.0,-0.37
183,3,40,23.27,0.0,-0.37
183,3,50,23.27,0.0,-0.37
183,3,60,23.26,0.0,-0.37
183,4,10,23.27,0.0,-0.36
183,4,20,23.28,0.0,-0.36
183,4,30,23.28,0.0,-0.36
183,4,40,23.29,0.0,-0.36
183,4,50,23.29,0.0,-0.36
183,4,60,23.29,0.0,-0.36
183,5,13,23.73,1391816.54,-0.13
183,5,20,23.98,1474459.92,-0.01
183,5,30,24.0,1511633.08,-0.0
183,5,40,24.0,1545411.76,-0.0
183,5,55,24.0,1570875.75,-0.0
183,5,65,24.0,1593320.78,0.0
183,6,15,23.97,1366398.57,-0.02
183,6,25,23.97,1375076.73,-0.02
183,6,35,23.98,1381908.41,-0.01
183,6,45,24.0,1392700.58,0.0
183,6,55,24.01,1409350.58,0.0
183,6,65,24.01,1429026.02,0.01
183,7,15,24.0,2000610.1,0.0
183,7,25,24.0,2043255.47,-0.0
183,7,35,24.0,2074365.83,-0.0
183,7,45,24.0,2106693.62,-0.0
183,7,55,24.0,2137885.5,-0.0
183,7,65,24.0,2167965.51,-0.0
183,8,15,24.0,2205867.97,-0.0
183,8,25,24.0,2243006.19,-0.0
183,8,35,24.0,2279349.94,-0.0
183,8,45,24.0,2313283.8,-0.0
183,8,55,24.0,2346147.23,-0.0
183,8,65,24.0,2378336.92,-0.0
183,9,15,24.0,2402385.23,-0.0
183,9,25,24.0,2425645.04,-0.0
183,9,35,24.0,2448051.46,-0.0
183,9,45,24.0,2467840.74,-0.0
183,9,55,24.0,2486214.34,-0.0
183,9,65,24.0,2501468.94,-0.0
183,10,15,24.0,2524762.29,-0.0
183,10,25,24.0,2548904.06,-0.0
183,10,35,24.0,2572436.23,-0.0
183,10,45,24.0,2597098.52,-0.0
183,10,53,24.0,2622855.47,-0.0
183,10,63,24.0,2646938.05,-0.0
183,11,13,24.0,2532365.54,-0.0
183,11,23,24.0,2562470.06,-0.0
183,11,32,24.0,2593156.9,-0.0
183,11,42,24.0,2625356.83,-0.0
183,11,53,24.0,2658729.07,-0.0
183,11,62,24.0,2692973.46,-0.0
183,12,13,24.0,2872580.2,-0.0
183,12,23,24.0,2908291.92,-0.0
183,12,33,24.0,2941375.73,-0.0
183,12,43,24.0,2971009.87,-0.0
183,12,55,24.0,2998905.59,-0.0
183,12,65,24.0,3025151.12,-0.0
183,13,15,24.0,3038068.61,-0.0
183,13,25,24.0,3050314.14,-0.0
183,13,35,24.0,3064522.86,-0.0
183,13,40,24.0,3078864.11,-0.0
183,13,50,24.0,3092889.15,-0.0
183,13,60,24.0,3106645.05,-0.0
183,14,15,24.0,3117475.3,-0.0
183,14,25,24.0,3127721.97,-0.0
183,14,35,24.0,3136709.35,-0.0
183,14,45,24.0,3146161.23,-0.0
183,14,55,24.0,3155217.25,-0.0
183,14,65,24.0,3163845.8,-0.0
183,15,15,24.0,3154991.45,-0.0
183,15,25,24.0,3146227.35,-0.0
183,15,35,24.0,3136350.13,-0.0
183,15,45,24.0,3133657.72,-0.0
183,15,55,24.0,3128349.11,-0.0
183,15,65,24.0,3122384.87,-0.0
183,16,15,24.0,2706927.29,-0.0
183,16,25,24.0,2670912.79,-0.0
183,16,35,24.0,2655278.92,-0.0
183,16,45,24.0,2635841.34,-0.0
183,16,55,24.0,2617134.53,-0.0
183,16,63,24.0,2595062.78,-0.0
183,17,13,24.0,2429016.62,-0.0
183,17,23,24.0,2381134.35,-0.0
183,17,33,24.0,2342495.35,-0.0
183,17,43,24.0,2312810.47,-0.0
183,17,53,24.0,2287577.57,-0.0
183,17,63,24.0,2263862.16,-0.0
183,18,13,24.0,2243779.55,-0.0
183,18,23,24.0,2219086.94,-0.0
183,18,33,24.0,2193578.18,-0.0
183,18,43,24.0,2161424.26,-0.0
183,18,53,24.0,2126555.27,-0.0
183,18,63,24.0,2087482.91,-0.0
183,19,13,24.0,1998741.45,-0.0
183,19,23,24.0,1934048.18,-0.0
183,19,33,24.0,1861056.52,-0.0
183,19,43,24.0,1806242.45,-0.0
183,19,53,24.0,1758464.91,-0.0
183,19,63,24.0,1714607.17,-0.0
183,20,13,24.0,1683225.96,-0.0
183,20,23,24.0,1653714.96,-0.0
183,20,35,24.0,1627092.89,-0.0
183,20,45,24.0,1601907.01,-0.0
183,20,55,24.0,1578021.16,-0.0
183,20,65,24.0,1555148.92,-0.0
183,21,15,24.12,0.0,0.06
183,21,25,24.19,0.0,0.09
183,21,35,24.21,0.0,0.1
183,21,45,24.21,0.0,0.11
183,21,55,24.21,0.0,0.1
183,21,65,24.2,0.0,0.1
183,22,15,24.18,0.0,0.09
183,22,20,24.15,0.0,0.08
183,22,30,24.13,0.0,0.06
183,22,40,24.11,0.0,0.05
183,22,50,24.09,0.0,0.04
183,22,60,24.06,0.0,0.03
183,23,10,24.03,0.0,0.02
183,23,20,24.01,0.0,0.0
183,23,30,23.99,0.0,-0.01
183,23,40,23.97,0.0,-0.02
183,23,50,23.95,0.0,-0.03
183,23,60,23.93,0.0,-0.03
184,0,10,23.91,0.0,-0.05
184,0,20,23.88,0.0,-0.06
184,0,30,23.85,0.0,-0.08
184,0,40,23.82,0.0,-0.09
184,0,50,23.79,0.0,-0.11
184,0,60,23.75,0.0,-0.12
184,1,10,23.73,0.0,-0.13
184,1,20,23.72,0.0,-0.14
184,1,30,23.7,0.0,-0.15
184,1,40,23.69,0.0,-0.16
184,1,50,23.67,0.0,-0.16
184,1,60,23.66,0.0,-0.17
184,2,10,23.64,0.0,-0.18
184,2,20,23.62,0.0,-0.19
184,2,30,23.6,0.0,-0.2
184,2,40,23.58,0.0,-0.21
184,2,50,23.56,0.0,-0.22
184,2,60,23.54,0.0,-0.23
184,3,10,23.52,0.0,-0.24
184,3,20,23.5,0.0,-0.25
184,3,30,23.47,0.0,-0.26
184,3,40,23.45,0.0,-0.27
184,3,50,23.43,0.0,-0.28
184,3,60,23.41,0.0,-0.3
184,4,10,23.41,0.0,-0.3
184,4,20,23.4,0.0,-0.3
184,4,30,23.4,0.0,-0.3
184,4,40,23.39,0.0,-0.3
184,4,50,23.39,0.0,-0.3
184,4,60,23.39,0.0,-0.3
184,5,13,23.87,1415489.33,-0.07
184,5,25,23.98,1571966.0,-0.01
184,5,35,24.0,1612711.39,-0.0
184,5,45,24.0,1635778.81,-0.0
184,5,53,24.0,1659078.94,-0.0
184,5,63,24.0,1678697.89,-0.0
184,6,13,23.93,1393501.6,-0.04
184,6,23,23.91,1413393.47,-0.05
184,6,33,23.94,1439348.39,-0.03
184,6,43,23.99,1463697.24,-0.0
184,6,53,24.0,1495855.19,-0.0
184,6,63,24.0,1523534.28,0.0
184,7,13,24.0,1970284.19,-0.0
184,7,22,24.0,2045686.75,-0.0
184,7,32,24.0,2102604.13,-0.0
184,7,42,24.0,2150958.82,-0.0
184,7,52,24.0,2193807.29,-0.0
184,7,62,24.0,2232569.72,-0.0
184,8,12,24.0,2268562.1,-0.0
184,8,22,24.0,2302334.01,-0.0
184,8,32,24.0,2333560.12,-0.0
184,8,42,24.0,2361696.42,-0.0
184,8,52,24.0,2385539.31,-0.0
184,8,62,24.0,2406477.03,-0.0
184,9,12,24.0,2433406.3,-0.0
184,9,22,24.0,2459436.07,-0.0
184,9,32,24.0,2484431.33,-0.0
184,9,42,24.0,2507881.16,-0.0
184,9,53,24.0,2530377.06,-0.0
184,9,62,24.0,2553694.84,-0.0
184,10,12,24.0,2589024.51,-0.0
184,10,23,24.0,2623971.31,-0.0
184,10,32,24.0,2657295.21,-0.0
184,10,42,24.0,2689070.68,-0.0
184,10,53,24.0,2719896.15,-0.0
184,10,62,24.0,2754824.16,-0.0
184,11,13,24.0,2630880.1,-0.0
184,11,23,24.0,2634199.44,-0.0
184,11,33,24.0,2641343.33,-0.0
184,11,43,24.0,2649861.95,-0.0
184,11,53,24.0,2659959.63,-0.0
184,11,65,24.0,2671572.59,-0.0
184,12,15,24.0,2827796.17,-0.0
184,12,25,24.0,2861469.49,-0.0
184,12,30,24.0,2893121.44,-0.0
184,12,40,24.0,2926004.6,-0.0
184,12,50,24.0,2959455.72,-0.0
184,12,60,24.0,2993334.0,-0.0
184,13,10,24.0,2995040.56,-0.0
184,13,25,24.0,2999035.24,-0.0
184,13,35,24.0,3000414.46,-0.0
184,13,45,24.0,2998145.16,-0.0
184,13,55,24.0,2992941.36,-0.0
184,13,63,24.0,2987867.37,-0.0
184,14,13,24.0,3012456.76,-0.0
184,14,25,24.0,3038040.36,-0.0
184,14,35,24.0,3064300.32,-0.0
184,14,45,24.0,3091649.53,-0.0
184,14,53,24.0,3119751.62,-0.0
184,14,63,24.0,3148243.38,-0.0
184,15,13,24.0,3164963.3,-0.0
184,15,23,24.0,3176942.95,-0.0
184,15,33,24.0,3188272.38,-0.0
184,15,43,24.0,3198024.52,-0.0
184,15,53,24.0,3206314.78,-0.0
184,15,63,24.0,3213517.06,-0.0
184,16,13,24.0,2822900.77,-0.0
184,16,23,24.0,2781004.15,-0.0
184,16,33,24.0,2758976.83,-0.0
184,16,43,24.0,2738424.52,-0.0
184,16,53,24.0,2720356.13,-0.0
184,16,63,24.0,2705824.29,-0.0
184,17,13,24.0,2575038.06,-0.0
184,17,23,24.0,2553743.98,-0.0
184,17,33,24.0,2541012.49,-0.0
184,17,43,24.0,2530196.56,-0.0
184,17,53,24.0,2520583.06,-0.0
184,17,63,24.0,2510676.92,-0.0
184,18,13,24.0,2470661.58,-0.0
184,18,23,24.0,2434319.19,-0.0
184,18,33,24.0,2399432.66,-0.0
184,18,43,24.0,2367551.79,-0.0
184,18,53,24.0,2336785.05,-0.0
184,18,63,24.0,2304774.5,-0.0
184,19,13,24.0,2242070.1,-0.0
184,19,23,24.0,2203091.37,-0.0
184,19,33,24.0,2160583.22,-0.0
184,19,43,24.0,2129126.23,-0.0
184,19,53,24.0,2102333.17,-0.0
184,19,65,24.0,2077858.68,-0.0
184,20,15,24.0,2055709.78,-0.0
184,20,25,24.0,2034161.95,-0.0
184,20,35,24.0,2014332.92,-0.0
184,20,45,24.0,1995376.97,-0.0
184,20,55,24.0,1977052.42,-0.0
184,20,65,24.0,1959212.18,-0.0
184,21,13,24.31,0.0,0.16
184,21,20,24.6,0.0,0.3
184,21,30,24.69,0.0,0.35
184,21,40,24.75,0.0,0.37
184,21,50,24.77,0.0,0.39
184,21,60,24.79,0.0,0.39
184,22,10,24.79,0.0,0.39
184,22,20,24.78,0.0,0.39
184,22,30,24.78,0.0,0.39
184,22,40,24.77,0.0,0.39
184,22,50,24.77,0.0,0.38
184,22,60,24.76,0.0,0.38
184,23,10,24.66,0.0,0.33
184,23,20,24.6,0.0,0.3
184,23,30,24.56,0.0,0.28
184,23,40,24.53,0.0,0.27
184,23,50,24.51,0.0,0.26
184,23,60,24.49,0.0,0.25
185,0,10,24.47,0.0,0.23
185,0,20,24.44,0.0,0.22
185,0,30,24.41,0.0,0.21
185,0,40,24.38,0.0,0.19
185,0,50,24.35,0.0,0.18
185,0,60,24.32,0.0,0.16
185,1,10,24.3,0.0,0.15
185,1,20,24.28,0.0,0.14
185,1,30,24.26,0.0,0.13
185,1,40,24.24,0.0,0.12
185,1,50,24.22,0.0,0.11
185,1,60,24.2,0.0,0.1
185,2,10,24.18,0.0,0.09
185,2,20,24.16,0.0,0.08
185,2,30,24.15,0.0,0.07
185,2,40,24.13,0.0,0.06
185,2,50,24.11,0.0,0.05
185,2,60,24.09,0.0,0.05
185,3,10,24.08,0.0,0.04
185,3,20,24.07,0.0,0.04
185,3,30,24.06,0.0,0.03
185,3,40,24.06,0.0,0.03
185,3,50,24.05,0.0,0.03
185,3,60,24.05,0.0,0.02
185,4,10,24.04,0.0,0.02
185,4,20,24.04,0.0,0.02
185,4,30,24.04,0.0,0.02
185,4,40,24.04,0.0,0.02
185,4,50,24.04,0.0,0.02
185,4,60,24.05,0.0,0.02
185,5,10,24.06,0.0,0.03
185,5,20,24.07,0.0,0.04
185,5,35,24.08,0.0,0.04
185,5,45,24.1,0.0,0.05
185,5,55,24.12,0.0,0.06
185,5,65,24.14,0.0,0.07
185,6,15,24.18,0.0,0.09
185,6,23,24.22,0.0,0.11
185,6,33,24.27,0.0,0.13
185,6,43,24.32,0.0,0.16
185,6,53,24.38,0.0,0.19
185,6,63,24.44,0.0,0.22
185,7,13,24.49,0.0,0.24
185,7,23,24.52,0.0,0.26
185,7,33,24.54,0.0,0.27
185,7,43,24.57,0.0,0.28
185,7,53,24.59,0.0,0.29
185,7,63,24.61,0.0,0.3
185,8,13,24.63,0.0,0.32
185,8,23,24.66,0.0,0.33
185,8,33,24.69,0.0,0.34
185,8,43,24.71,0.0,0.36
185,8,53,24.74,0.0,0.37
185,8,63,24.77,0.0,0.39
185,9,12,24.8,190875.39,0.4
185,9,23,24.83,370066.88,0.41
185,9,32,24.85,361408.86,0.43
185,9,43,24.88,0.0,0.44
185,9,53,24.91,0.0,0.46
185,9,65,24.94,0.0,0.47
185,10,10,24.96,0.0,0.48
185,10,20,24.97,0.0,0.49
185,10,30,24.98,0.0,0.49
185,10,40,24.99,0.0,0.5
185,10,55,25.0,0.0,0.5
185,10,63,25.0,0.0,0.5
185,11,12,25.01,0.0,0.51
185,11,22,25.02,0.0,0.51
185,11,32,25.03,0.0,0.52
185,11,42,25.05,0.0,0.52
185,11,53,25.06,0.0,0.53
185,11,63,25.07,0.0,0.54
185,12,15,25.09,0.0,0.55
185,12,25,25.12,0.0,0.56
185,12,30,25.16,0.0,0.58
185,12,40,25.19,0.0,0.59
185,12,50,25.22,0.0,0.61
185,12,60,25.25,0.0,0.63
185,13,10,25.27,0.0,0.63
185,13,20,25.28,0.0,0.64
185,13,30,25.3,0.0,0.65
185,13,40,25.31,0.0,0.66
185,13,50,25.32,0.0,0.66
185,13,60,25.34,0.0,0.67
185,14,10,25.36,0.0,0.68
185,14,20,25.38,0.0,0.69
185,14,35,25.4,481418.36,0.7
185,14,40,25.43,442677.58,0.72
185,14,50,25.46,451489.49,0.73
185,14,62,25.48,0.0,0.74
185,15,15,25.5,549193.13,0.75
185,15,20,25.53,482615.42,0.76
185,15,35,25.54,483609.58,0.77
185,15,42,25.55,0.0,0.78
185,15,53,25.57,566257.78,0.79
185,15,65,25.59,502654.8,0.79
185,16,15,25.6,497826.88,0.8
185,16,23,25.61,0.0,0.8
185,16,33,25.62,565611.91,0.81
185,16,43,25.63,502639.16,0.81
185,16,53,25.63,491274.56,0.82
185,16,63,25.64,0.0,0.82
185,17,13,25.65,527860.7,0.82
185,17,23,25.65,473519.3,0.82
185,17,33,25.65,456502.1,0.83
185,17,43,25.65,0.0,0.83
185,17,53,25.66,477019.86,0.83
185,17,63,25.66,427688.7,0.83
185,18,13,25.66,413113.43,0.83
185,18,23,25.66,0.0,0.83
185,18,33,25.66,418610.75,0.83
185,18,43,25.66,382323.87,0.83
185,18,53,25.66,373910.05,0.83
185,18,65,25.66,0.0,0.83
185,19,15,25.65,0.0,0.83
185,19,25,25.65,0.0,0.83
185,19,35,25.65,0.0,0.82
185,19,45,25.64,0.0,0.82
185,19,55,25.64,0.0,0.82
185,19,65,25.63,0.0,0.82
185,20,15,25.63,0.0,0.81
185,20,25,25.62,0.0,0.81
185,20,35,25.61,0.0,0.8
185,20,40,25.59,0.0,0.8
185,20,50,25.58,0.0,0.79
185,20,60,25.57,0.0,0.79
185,21,10,25.57,0.0,0.78
185,21,20,25.57,0.0,0.78
185,21,30,25.57,0.0,0.78
185,21,40,25.57,0.0,0.78
185,21,50,25.57,0.0,0.78
185,21,60,25.57,0.0,0.78
185,22,10,25.57,0.0,0.79
185,22,20,25.57,0.0,0.79
185,22,30,25.57,0.0,0.79
185,22,40,25.58,0.0,0.79
185,22,50,25.58,0.0,0.79
185,22,60,25.58,0.0,0.79
185,23,10,25.64,0.0,0.82
185,23,20,25.66,0.0,0.83
185,23,30,25.67,0.0,0.83
185,23,40,25.67,0.0,0.83
185,23,50,25.66,0.0,0.83
185,23,60,25.66,0.0,0.83
186,0,10,25.66,0.0,0.83
186,0,20,25.66,0.0,0.83
186,0,30,25.66,0.0,0.83
186,0,40,25.67,0.0,0.83
186,0,50,25.67,0.0,0.83
186,0,60,25.67,0.0,0.83
186,1,10,25.67,0.0,0.84
186,1,20,25.67,0.0,0.84
186,1,30,25.67,0.0,0.84
186,1,40,25.68,0.0,0.84
186,1,50,25.68,0.0,0.84
186,1,60,25.68,0.0,0.84
186,2,10,25.67,0.0,0.84
186,2,20,25.67,0.0,0.83
186,2,30,25.66,0.0,0.83
186,2,40,25.65,0.0,0.83
186,2,50,25.65,0.0,0.82
186,2,60,25.64,0.0,0.82
186,3,10,25.64,0.0,0.82
186,3,20,25.63,0.0,0.82
186,3,30,25.63,0.0,0.82
186,3,40,25.63,0.0,0.81
186,3,50,25.63,0.0,0.81
186,3,60,25.62,0.0,0.81
186,4,10,25.63,0.0,0.82
186,4,20,25.64,0.0,0.82
186,4,30,25.64,0.0,0.82
186,4,40,25.65,0.0,0.82
186,4,50,25.65,0.0,0.82
186,4,60,25.66,0.0,0.83
186,5,15,24.12,4198319.05,0.06
186,5,20,24.0,3516836.48,0.0
186,5,30,24.0,3280697.57,0.0
186,5,40,24.0,3139419.89,-0.0
186,5,50,24.0,3036312.52,-0.0
186,5,60,24.0,2963518.88,-0.0
186,6,15,24.0,3074809.5,-0.0
186,6,25,24.0,3112993.73,-0.0
186,6,33,24.0,3145623.58,-0.0
186,6,43,24.0,3175361.27,-0.0
186,6,53,24.0,3205136.45,-0.0
186,6,63,24.0,3236299.33,-0.0
186,7,13,24.0,3895899.16,-0.0
186,7,23,24.0,4004342.85,-0.0
186,7,33,24.0,4071143.24,-0.0
186,7,43,24.0,4129329.76,-0.0
186,7,53,24.0,4180953.69,-0.0
186,7,62,24.0,4231181.26,-0.0
186,8,12,24.0,4284357.41,-0.0
186,8,23,24.0,4334020.96,-0.0
186,8,32,24.0,4380487.32,-0.0
186,8,42,24.0,4423123.66,-0.0
186,8,53,24.0,4460845.62,-0.0
186,8,62,24.0,4495118.62,-0.0
186,9,12,24.0,4517532.48,-0.0
186,9,23,24.0,4539338.16,-0.0
186,9,33,24.0,4559740.59,-0.0
186,9,43,24.0,4578651.25,-0.0
186,9,53,24.0,4596660.29,-0.0
186,9,63,24.0,4616538.9,-0.0
186,10,13,24.0,4654593.95,-0.0
186,10,23,24.0,4694856.51,-0.0
186,10,33,24.0,4735677.77,-0.0
186,10,43,24.0,4774814.22,-0.0
186,10,53,24.0,4814329.39,-0.0
186,10,63,24.0,4862106.1,-0.0
186,11,13,24.0,4669067.59,-0.0
186,11,25,24.0,4656939.81,-0.0
186,11,30,24.0,4647673.23,-0.0
186,11,40,24.0,4640518.56,-0.0
186,11,50,24.0,4634316.4,-0.0
186,11,60,24.0,4628471.54,-0.0
186,12,10,24.0,4844107.99,-0.0
186,12,20,24.0,4885941.22,-0.0
186,12,30,24.0,4921166.86,-0.0
186,12,40,24.0,4957603.09,-0.0
186,12,50,24.0,4992394.45,-0.0
186,12,60,24.0,5026305.25,-0.0
186,13,10,24.0,5054933.38,-0.0
186,13,20,24.0,5083839.06,-0.0
186,13,30,24.0,5114718.87,-0.0
186,13,40,24.0,5146897.36,-0.0
186,13,50,24.0,5178601.98,-0.0
186,13,60,24.0,5211697.43,-0.0
186,14,10,24.0,5230700.22,-0.0
186,14,20,24.0,5249783.11,-0.0
186,14,30,24.0,5268526.34,-0.0
186,14,45,24.0,5281221.37,-0.0
186,14,55,24.0,5294269.54,-0.0
186,14,65,24.0,5305939.44,-0.0
186,15,15,24.0,5294404.7,-0.0
186,15,25,24.0,5281499.78,-0.0
186,15,35,24.0,5266914.12,-0.0
186,15,45,24.0,5249806.29,-0.0
186,15,55,24.0,5231173.16,-0.0
186,15,65,24.0,5206103.35,-0.0
186,16,13,24.0,4665159.31,-0.0
186,16,23,24.0,4601360.95,-0.0
186,16,33,24.0,4567864.36,-0.0
186,16,43,24.0,4542628.34,-0.0
186,16,53,24.0,4528476.47,-0.0
186,16,63,24.0,4516498.1,-0.0
186,17,13,24.0,4302559.61,-0.0
186,17,23,24.0,4239655.34,-0.0
186,17,33,24.0,4190868.65,-0.0
186,17,43,24.0,4139031.05,-0.0
186,17,53,24.0,4086429.81,-0.0
186,17,63,24.0,4031531.59,-0.0
186,18,13,24.0,3980746.35,-0.0
186,18,23,24.0,3930202.62,-0.0
186,18,33,24.0,3876164.62,-0.0
186,18,43,24.0,3824928.55,-0.0
186,18,53,24.0,3774401.59,-0.0
186,18,63,24.0,3720066.62,-0.0
186,19,13,24.0,3622159.77,-0.0
186,19,23,24.0,3549869.76,-0.0
186,19,33,24.0,3470796.42,-0.0
186,19,43,24.0,3416580.82,-0.0
186,19,55,24.0,3370799.93,-0.0
186,19,65,24.0,3330788.63,-0.0
186,20,15,24.0,3294543.85,-0.0
186,20,25,24.0,3259699.48,-0.0
186,20,35,24.0,3227632.49,-0.0
186,20,45,24.0,3196922.96,-0.0
186,20,55,24.0,3167257.21,-0.0
186,20,60,24.0,3138526.86,-0.0
186,21,12,24.58,0.0,0.29
186,21,25,25.16,0.0,0.58
186,21,30,25.43,0.0,0.71
186,21,40,25.52,0.0,0.76
186,21,50,25.58,0.0,0.79
186,21,60,25.63,0.0,0.81
186,22,10,25.65,0.0,0.83
186,22,20,25.68,0.0,0.84
186,22,30,25.71,0.0,0.85
186,22,40,25.73,0.0,0.87
186,22,50,25.75,0.0,0.88
186,22,60,25.77,0.0,0.89
186,23,10,25.77,0.0,0.88
186,23,20,25.77,0.0,0.88
186,23,30,25.77,0.0,0.89
186,23,40,25.77,0.0,0.89
186,23,50,25.77,0.0,0.88
186,23,60,25.77,0.0,0.88
187,0,10,25.77,0.0,0.88
187,0,20,25.78,0.0,0.89
187,0,30,25.78,0.0,0.89
187,0,40,25.79,0.0,0.89
187,0,50,25.79,0.0,0.9
187,0,60,25.8,0.0,0.9
187,1,10,25.8,0.0,0.9
187,1,20,25.81,0.0,0.9
187,1,30,25.81,0.0,0.91
187,1,40,25.82,0.0,0.91
187,1,50,25.82,0.0,0.91
187,1,60,25.82,0.0,0.91
187,2,10,25.81,0.0,0.9
187,2,20,25.78,0.0,0.89
187,2,30,25.75,0.0,0.87
187,2,40,25.72,0.0,0.86
187,2,50,25.68,0.0,0.84
187,2,65,25.65,0.0,0.83
187,3,10,25.62,0.0,0.81
187,3,20,25.59,0.0,0.8
187,3,30,25.57,0.0,0.79
187,3,40,25.55,0.0,0.77
187,3,50,25.53,0.0,0.76
187,3,60,25.51,0.0,0.75
187,4,10,25.5,0.0,0.75
187,4,20,25.49,0.0,0.75
187,4,30,25.48,0.0,0.74
187,4,40,25.48,0.0,0.74
187,4,50,25.47,0.0,0.74
187,4,60,25.47,0.0,0.73
187,5,13,24.05,3675801.12,0.02
187,5,20,24.0,3265727.7,-0.0
187,5,35,24.0,3098353.22,-0.0
187,5,45,24.0,3020952.94,-0.0
187,5,55,24.0,2960637.71,-0.0
187,5,65,24.0,2917777.72,-0.0
187,6,13,24.0,3021050.81,-0.0
187,6,23,24.0,3071725.99,-0.0
187,6,33,24.0,3120856.31,-0.0
187,6,43,24.0,3168691.12,-0.0
187,6,53,24.0,3217771.15,-0.0
187,6,63,24.0,3268281.52,-0.0
187,7,13,24.0,3925056.84,-0.0
187,7,23,24.0,4038313.43,-0.0
187,7,33,24.0,4112492.88,-0.0
187,7,43,24.0,4175434.92,-0.0
187,7,53,24.0,4231050.34,-0.0
187,7,62,24.0,4281723.15,-0.0
187,8,12,24.0,4342502.72,-0.0
187,8,23,24.0,4401958.5,-0.0
187,8,32,24.0,4460027.93,-0.0
187,8,42,24.0,4515701.14,-0.0
187,8,53,24.0,4567498.39,-0.0
187,8,63,24.0,4617060.28,-0.0
187,9,13,24.0,4649467.39,-0.0
187,9,23,24.0,4679580.99,-0.0
187,9,32,24.0,4707715.04,-0.0
187,9,42,24.0,4733099.68,-0.0
187,9,53,24.0,4756323.13,-0.0
187,9,62,24.0,4781542.36,-0.0
187,10,12,24.0,4819610.13,-0.0
187,10,23,24.0,4858408.94,-0.0
187,10,33,24.0,4896303.21,-0.0
187,10,43,24.0,4932368.91,-0.0
187,10,53,24.0,4968443.32,-0.0
187,10,65,24.0,5012249.15,-0.0
187,11,15,24.0,4831921.85,-0.0
187,11,25,24.0,4838180.91,-0.0
187,11,30,24.0,4849234.53,-0.0
187,11,40,24.0,4866742.48,-0.0
187,11,50,24.0,4885391.02,-0.0
187,11,60,24.0,4904877.79,-0.0
187,12,10,24.0,5123071.79,-0.0
187,12,20,24.0,5158027.91,-0.0
187,12,30,24.0,5187303.36,-0.0
187,12,40,24.0,5214367.87,-0.0
187,12,50,24.0,5240029.11,-0.0
187,12,60,24.0,5264758.0,-0.0
187,13,10,24.0,5293726.39,-0.0
187,13,20,24.0,5321700.53,-0.0
187,13,30,24.0,5350545.41,-0.0
187,13,40,24.0,5375252.35,-0.0
187,13,50,24.0,5398440.44,-0.0
187,13,60,24.0,5420729.1,-0.0
187,14,10,24.0,5422242.68,-0.0
187,14,25,24.0,5424309.14,-0.0
187,14,35,24.0,5428709.89,-0.0
187,14,45,24.0,5428940.42,-0.0
187,14,55,24.0,5427611.8,-0.0
187,14,65,24.0,5425371.08,-0.0
187,15,15,24.0,5427885.41,-0.0
187,15,23,24.0,5425933.45,-0.0
187,15,33,24.0,5420557.18,-0.0
187,15,43,24.0,5422267.99,-0.0
187,15,55,24.0,5425857.78,-0.0
187,15,65,24.0,5427775.25,-0.0
187,16,15,24.0,4845197.41,-0.0
187,16,25,24.0,4763218.56,-0.0
187,16,35,24.0,4709463.78,-0.0
187,16,45,24.0,4653591.53,-0.0
187,16,55,24.0,4600042.55,-0.0
187,16,63,24.0,4551590.57,-0.0
187,17,13,24.0,4350954.55,-0.0
187,17,23,24.0,4305449.14,-0.0
187,17,33,24.0,4275567.03,-0.0
187,17,43,24.0,4228004.69,-0.0
187,17,53,24.0,4181113.01,-0.0
187,17,63,24.0,4130270.55,-0.0
187,18,13,24.0,3902278.75,-0.0
187,18,22,24.0,3665190.93,-0.0
187,18,32,24.0,3428052.94,-0.0
187,18,42,24.0,3225124.93,-0.0
187,18,52,24.0,3037423.9,-0.0
187,18,63,24.0,2861094.64,-0.0
187,19,13,24.0,2760720.28,-0.0
187,19,23,24.0,2694049.28,-0.0
187,19,33,24.0,2632810.3,-0.0
187,19,43,24.0,2576999.75,-0.0
187,19,53,24.0,2525174.99,-0.0
187,19,63,24.0,2475975.11,-0.0
187,20,15,24.0,2462286.53,-0.0
187,20,25,24.0,2449211.9,-0.0
187,20,35,24.0,2438018.25,-0.0
187,20,45,24.0,2427708.1,-0.0
187,20,55,24.0,2417956.01,-0.0
187,20,65,24.0,2408702.58,-0.0
187,21,13,24.4,0.0,0.2
187,21,25,24.72,0.0,0.36
187,21,35,24.83,0.0,0.41
187,21,45,24.87,0.0,0.43
187,21,55,24.88,0.0,0.44
187,21,65,24.88,0.0,0.44
187,22,15,24.89,0.0,0.45
187,22,20,24.93,0.0,0.46
187,22,30,24.96,0.0,0.48
187,22,40,25.0,0.0,0.5
187,22,50,25.05,0.0,0.52
187,22,60,25.09,0.0,0.55
187,23,10,25.03,0.0,0.52
187,23,20,25.01,0.0,0.51
187,23,30,25.0,0.0,0.5
187,23,40,25.0,0.0,0.5
187,23,50,25.0,0.0,0.5
187,23,60,25.01,0.0,0.51
188,0,10,25.01,0.0,0.51
188,0,20,25.01,0.0,0.51
188,0,30,25.01,0.0,0.51
188,0,40,25.01,0.0,0.51
188,0,50,25.01,0.0,0.51
188,0,60,25.01,0.0,0.51
188,1,10,25.01,0.0,0.5
188,1,20,25.0,0.0,0.5
188,1,30,24.99,0.0,0.49
188,1,40,24.97,0.0,0.49
188,1,50,24.96,0.0,0.48
188,1,60,24.95,0.0,0.48
188,2,10,24.95,0.0,0.47
188,2,20,24.95,0.0,0.47
188,2,30,24.95,0.0,0.47
188,2,40,24.95,0.0,0.47
188,2,50,24.95,0.0,0.48
188,2,60,24.95,0.0,0.48
188,3,10,24.95,0.0,0.48
188,3,20,24.95,0.0,0.47
188,3,30,24.95,0.0,0.47
188,3,40,24.94,0.0,0.47
188,3,50,24.94,0.0,0.47
188,3,60,24.93,0.0,0.46
188,4,10,24.92,0.0,0.46
188,4,20,24.91,0.0,0.45
188,4,30,24.9,0.0,0.45
188,4,40,24.88,0.0,0.44
188,4,50,24.87,0.0,0.43
188,4,60,24.85,0.0,0.43
188,5,13,24.03,3228161.25,0.01
188,5,20,24.0,2839228.45,-0.0
188,5,30,24.0,2712203.13,-0.0
188,5,40,24.0,2627813.58,-0.0
188,5,50,24.0,2561548.71,-0.0
188,5,60,24.0,2508340.83,-0.0
188,6,10,24.0,2317323.08,-0.0
188,6,20,24.0,2303571.78,-0.0
188,6,35,24.0,2291650.18,-0.0
188,6,45,24.0,2285520.63,-0.0
188,6,55,24.0,2281385.24,-0.0
188,6,65,24.0,2279485.0,-0.0
188,7,15,24.0,2427533.08,-0.0
188,7,25,24.0,2448612.82,-0.0
188,7,35,24.0,2461867.2,-0.0
188,7,45,24.0,2487885.25,-0.0
188,7,53,24.0,2519239.78,-0.0
188,7,62,24.0,2548999.94,-0.0
188,8,12,24.0,2592472.03,-0.0
188,8,22,24.0,2639081.2,-0.0
188,8,32,24.0,2681708.83,-0.0
188,8,42,24.0,2707025.18,-0.0
188,8,52,24.0,2725254.31,-0.0
188,8,62,24.0,2740404.0,-0.0
188,9,12,24.0,2730947.57,-0.0
188,9,23,24.0,2721968.95,-0.0
188,9,33,24.0,2712686.51,-0.0
188,9,45,24.0,2708662.92,-0.0
188,9,53,24.0,2703836.63,-0.0
188,9,63,24.0,2700629.6,-0.0
188,10,12,24.0,2757168.39,-0.0
188,10,23,24.0,2813785.18,-0.0
188,10,32,24.0,2868369.4,-0.0
188,10,42,24.0,2919842.28,-0.0
188,10,52,24.0,2969608.66,-0.0
188,10,62,24.0,3023214.34,-0.0
188,11,12,24.0,2887835.84,-0.0
188,11,23,24.0,2892775.47,-0.0
188,11,33,24.0,2905477.37,-0.0
188,11,43,24.0,2918863.01,-0.0
188,11,55,24.0,2934421.82,-0.0
188,11,65,24.0,2949894.88,-0.0
188,12,10,24.0,2916392.94,-0.0
188,12,20,24.0,2885474.77,-0.0
188,12,30,24.0,2856972.16,-0.0
188,12,40,24.0,2827132.17,-0.0
188,12,55,24.0,2794399.59,-0.0
188,12,63,24.0,2761234.0,-0.0
188,13,12,24.0,2750399.34,-0.0
188,13,23,24.0,2735820.62,-0.0
188,13,32,24.0,2720508.26,-0.0
188,13,42,24.0,2703598.61,-0.0
188,13,53,24.0,2685743.83,-0.0
188,13,62,24.0,2667113.39,-0.0
188,14,12,24.0,2655788.24,-0.0
188,14,23,24.0,2644071.13,-0.0
188,14,33,24.0,2632169.74,-0.0
188,14,43,24.0,2623660.91,-0.0
188,14,53,24.0,2616221.67,-0.0
188,14,65,24.0,2609533.0,-0.0
188,15,15,24.0,2589169.67,-0.0
188,15,25,24.0,2570265.9,-0.0
188,15,35,24.0,2552466.77,-0.0
188,15,45,24.0,2532084.37,-0.0
188,15,55,24.0,2511206.44,-0.0
188,15,65,24.0,2490214.67,-0.0
188,16,15,24.0,2394696.63,0.0
188,16,23,24.0,2358298.42,0.0
188,16,33,24.0,2325517.46,0.0
188,16,43,24.0,2298679.69,0.0
188,16,53,24.0,2274243.05,0.0
188,16,63,24.0,2251229.49,0.0
188,17,13,24.26,0.0,0.13
188,17,25,24.49,0.0,0.25
188,17,35,24.6,0.0,0.3
188,17,45,24.66,0.0,0.33
188,17,55,24.69,0.0,0.35
188,17,65,24.71,0.0,0.36
188,18,15,24.73,0.0,0.36
188,18,25,24.74,0.0,0.37
188,18,35,24.76,0.0,0.38
188,18,45,24.77,0.0,0.39
188,18,55,24.78,0.0,0.39
188,18,65,24.79,0.0,0.4
188,19,15,24.8,0.0,0.4
188,19,25,24.8,0.0,0.4
188,19,35,24.8,0.0,0.4
188,19,45,24.8,0.0,0.4
188,19,55,24.8,0.0,0.4
188,19,65,24.8,0.0,0.4
188,20,10,24.8,0.0,0.4
188,20,20,24.81,0.0,0.4
188,20,30,24.81,0.0,0.4
188,20,40,24.81,0.0,0.41
188,20,50,24.82,0.0,0.41
188,20,60,24.82,0.0,0.41
188,21,10,24.81,0.0,0.41
188,21,20,24.8,0.0,0.4
188,21,30,24.79,0.0,0.4
188,21,40,24.78,0.0,0.39
188,21,50,24.76,0.0,0.38
188,21,60,24.75,0.0,0.37
188,22,10,24.74,0.0,0.37
188,22,20,24.72,0.0,0.36
188,22,30,24.71,0.0,0.36
188,22,40,24.7,0.0,0.35
188,22,50,24.69,0.0,0.35
188,22,60,24.68,0.0,0.34
188,23,10,24.67,0.0,0.34
188,23,20,24.67,0.0,0.33
188,23,30,24.67,0.0,0.33
188,23,40,24.66,0.0,0.33
188,23,50,24.66,0.0,0.33
188,23,60,24.66,0.0,0.33
189,0,10,24.65,0.0,0.32
189,0,20,24.64,0.0,0.32
189,0,30,24.63,0.0,0.32
189,0,40,24.62,0.0,0.31
189,0,50,24.61,0.0,0.3
189,0,60,24.6,0.0,0.3
189,1,10,24.58,0.0,0.29
189,1,20,24.56,0.0,0.28
189,1,30,24.53,0.0,0.27
189,1,40,24.51,0.0,0.25
189,1,50,24.49,0.0,0.24
189,1,60,24.46,0.0,0.23
189,2,10,24.44,0.0,0.22
189,2,20,24.41,0.0,0.21
189,2,30,24.39,0.0,0.2
189,2,40,24.37,0.0,0.18
189,2,50,24.34,0.0,0.17
189,2,60,24.32,0.0,0.16
189,3,10,24.3,0.0,0.15
189,3,20,24.29,0.0,0.15
189,3,30,24.28,0.0,0.14
189,3,40,24.27,0.0,0.14
189,3,50,24.26,0.0,0.13
189,3,60,24.25,0.0,0.13
189,4,10,24.23,0.0,0.12
189,4,20,24.21,0.0,0.11
189,4,30,24.19,0.0,0.1
189,4,40,24.17,0.0,0.08
189,4,50,24.15,0.0,0.07
189,4,60,24.12,0.0,0.06
189,5,10,24.13,0.0,0.06
189,5,20,24.14,0.0,0.07
189,5,30,24.17,0.0,0.08
189,5,40,24.19,0.0,0.1
189,5,50,24.22,0.0,0.11
189,5,65,24.25,0.0,0.12
189,6,15,24.27,0.0,0.14
189,6,25,24.29,0.0,0.14
189,6,35,24.3,0.0,0.15
189,6,45,24.31,0.0,0.15
189,6,55,24.32,0.0,0.16
189,6,65,24.33,0.0,0.16
189,7,13,24.34,0.0,0.17
189,7,23,24.36,0.0,0.18
189,7,33,24.38,0.0,0.19
189,7,43,24.41,0.0,0.2
189,7,53,24.43,0.0,0.22
189,7,63,24.45,0.0,0.23
189,8,13,24.49,0.0,0.25
189,8,23,24.54,0.0,0.27
189,8,32,24.6,0.0,0.3
189,8,42,24.66,0.0,0.33
189,8,53,24.72,0.0,0.36
189,8,62,24.78,0.0,0.39
189,9,12,24.82,0.0,0.41
189,9,23,24.84,0.0,0.42
189,9,32,24.86,0.0,0.43
189,9,42,24.87,0.0,0.44
189,9,53,24.89,0.0,0.44
189,9,62,24.9,0.0,0.45
189,10,13,24.92,0.0,0.46
189,10,23,24.94,0.0,0.47
189,10,33,24.97,0.0,0.49
189,10,45,25.0,0.0,0.5
189,10,55,25.03,0.0,0.51
189,10,65,25.05,0.0,0.53
189,11,15,25.07,0.0,0.54
189,11,25,25.09,0.0,0.55
189,11,35,25.11,0.0,0.55
189,11,40,25.13,0.0,0.57
189,11,50,25.15,0.0,0.57
189,11,65,25.16,0.0,0.58
189,12,13,25.17,0.0,0.59
189,12,23,25.18,0.0,0.59
189,12,32,25.19,0.0,0.59
189,12,42,25.19,0.0,0.6
189,12,53,25.2,0.0,0.6
189,12,63,25.2,0.0,0.6
189,13,13,25.2,0.0,0.6
189,13,25,25.2,0.0,0.6
189,13,35,25.2,0.0,0.6
189,13,45,25.2,0.0,0.6
189,13,50,25.19,0.0,0.6
189,13,60,25.19,0.0,0.6
189,14,10,25.2,0.0,0.6
189,14,20,25.21,0.0,0.61
189,14,35,25.22,0.0,0.61
189,14,45,25.24,0.0,0.62
189,14,50,25.26,0.0,0.63
189,14,60,25.27,0.0,0.64
189,15,10,25.29,0.0,0.65
189,15,20,25.31,0.0,0.65
189,15,30,25.32,0.0,0.66
189,15,40,25.34,0.0,0.67
189,15,50,25.36,0.0,0.68
189,15,60,25.37,0.0,0.69
189,16,10,25.38,0.0,0.69
189,16,25,25.39,530408.52,0.7
189,16,30,25.4,473984.07,0.7
189,16,40,25.41,456605.36,0.71
189,16,55,25.42,0.0,0.71
189,16,65,25.42,475768.84,0.71
189,17,15,25.43,412828.09,0.71
189,17,25,25.43,389292.42,0.72
189,17,35,25.43,0.0,0.72
189,17,45,25.43,0.0,0.72
189,17,55,25.43,0.0,0.72
189,17,65,25.43,0.0,0.72
189,18,15,25.42,0.0,0.71
189,18,25,25.41,0.0,0.71
189,18,35,25.4,0.0,0.7
189,18,45,25.38,0.0,0.69
189,18,53,25.37,0.0,0.68
189,18,65,25.35,0.0,0.67
189,19,15,25.34,0.0,0.67
189,19,25,25.33,0.0,0.67
189,19,35,25.33,0.0,0.66
189,19,45,25.32,0.0,0.66
189,19,55,25.32,0.0,0.66
189,19,65,25.32,0.0,0.66
189,20,15,25.31,0.0,0.65
189,20,25,25.29,0.0,0.64
189,20,35,25.26,0.0,0.63
189,20,45,25.23,0.0,0.62
189,20,55,25.2,0.0,0.6
189,20,65,25.17,0.0,0.58
189,21,10,25.14,0.0,0.57
189,21,20,25.13,0.0,0.57
189,21,30,25.12,0.0,0.56
189,21,40,25.12,0.0,0.56
189,21,50,25.11,0.0,0.56
189,21,60,25.11,0.0,0.55
189,22,10,25.11,0.0,0.55
189,22,20,25.1,0.0,0.55
189,22,30,25.1,0.0,0.55
189,22,40,25.1,0.0,0.55
189,22,50,25.1,0.0,0.55
189,22,60,25.1,0.0,0.55
189,23,10,25.16,0.0,0.58
189,23,20,25.18,0.0,0.59
189,23,30,25.19,0.0,0.59
189,23,40,25.18,0.0,0.59
189,23,50,25.18,0.0,0.59
189,23,60,25.16,0.0,0.58
190,0,10,25.15,0.0,0.58
190,0,20,25.14,0.0,0.57
190,0,30,25.12,0.0,0.56
190,0,40,25.1,0.0,0.55
190,0,50,25.09,0.0,0.54
190,0,60,25.07,0.0,0.53
190,1,10,25.06,0.0,0.53
190,1,20,25.05,0.0,0.53
190,1,30,25.05,0.0,0.52
190,1,40,25.04,0.0,0.52
190,1,50,25.04,0.0,0.52
190,1,60,25.03,0.0,0.52
190,2,10,25.04,0.0,0.52
190,2,20,25.04,0.0,0.52
190,2,30,25.04,0.0,0.52
190,2,40,25.05,0.0,0.52
190,2,50,25.05,0.0,0.53
190,2,60,25.06,0.0,0.53
190,3,10,25.06,0.0,0.53
190,3,20,25.05,0.0,0.53
190,3,30,25.04,0.0,0.52
190,3,40,25.03,0.0,0.52
190,3,50,25.02,0.0,0.51
190,3,60,25.01,0.0,0.5
190,4,10,25.01,0.0,0.5
190,4,20,25.01,0.0,0.51
190,4,30,25.01,0.0,0.51
190,4,40,25.01,0.0,0.51
190,4,50,25.01,0.0,0.51
190,4,60,25.01,0.0,0.5
190,5,13,24.03,3378031.03,0.02
190,5,20,24.0,2891299.85,-0.0
190,5,30,24.0,2747647.65,-0.0
190,5,40,24.0,2655236.19,-0.0
190,5,50,24.0,2584650.88,-0.0
190,5,60,24.0,2529330.84,-0.0
190,6,10,24.0,2459907.67,-0.0
190,6,20,24.0,2452819.55,-0.0
190,6,30,24.0,2442155.17,-0.0
190,6,40,24.0,2434496.19,-0.0
190,6,50,24.0,2428541.04,-0.0
190,6,60,24.0,2423846.39,-0.0
190,7,10,24.0,3052913.85,-0.0
190,7,25,24.0,3114068.62,-0.0
190,7,35,24.0,3145034.05,-0.0
190,7,45,24.0,3169032.01,-0.0
190,7,55,24.0,3189372.43,-0.0
190,7,65,24.0,3207214.28,-0.0
190,8,15,24.0,3170851.36,-0.0
190,8,25,24.0,3131546.68,-0.0
190,8,35,24.0,3089697.76,-0.0
190,8,40,24.0,3051578.84,-0.0
190,8,50,24.0,3012320.85,-0.0
190,8,60,24.0,2972933.03,-0.0
190,9,15,24.0,2992977.0,-0.0
190,9,25,24.0,3019682.92,-0.0
190,9,35,24.0,3046232.58,-0.0
190,9,45,24.0,3068093.89,-0.0
190,9,55,24.0,3089040.78,-0.0
190,9,65,24.0,3109821.71,-0.0
190,10,15,24.0,3129833.95,-0.0
190,10,25,24.0,3150856.85,-0.0
190,10,35,24.0,3171587.94,-0.0
190,10,45,24.0,3192780.38,-0.0
190,10,55,24.0,3208234.78,-0.0
190,10,65,24.0,3227808.79,-0.0
190,11,15,24.0,3077035.42,-0.0
190,11,25,24.0,3067627.06,-0.0
190,11,35,24.0,3063969.84,-0.0
190,11,43,24.0,3060433.56,-0.0
190,11,53,24.0,3063214.56,-0.0
190,11,62,24.0,3065058.07,-0.0
190,12,12,24.0,3238922.21,-0.0
190,12,22,24.0,3271999.22,-0.0
190,12,32,24.0,3296671.47,-0.0
190,12,42,24.0,3316165.29,-0.0
190,12,53,24.0,3333504.52,-0.0
190,12,63,24.0,3353421.17,-0.0
190,13,15,24.0,3368149.74,-0.0
190,13,20,24.0,3382281.01,-0.0
190,13,30,24.0,3397620.13,-0.0
190,13,40,24.0,3414213.63,-0.0
190,13,50,24.0,3431415.91,-0.0
190,13,60,24.0,3448957.56,-0.0
190,14,10,24.0,3454639.27,-0.0
190,14,20,24.0,3460168.01,-0.0
190,14,30,24.0,3466262.22,-0.0
190,14,40,24.0,3468049.99,-0.0
190,14,55,24.0,3465912.11,-0.0
190,14,65,24.0,3464099.03,-0.0
190,15,13,24.0,3452056.8,-0.0
190,15,23,24.0,3436383.65,-0.0
190,15,33,24.0,3421191.88,-0.0
190,15,43,24.0,3408401.61,-0.0
190,15,53,24.0,3395620.89,-0.0
190,15,63,24.0,3382288.69,-0.0
190,16,13,24.0,2964736.29,-0.0
190,16,23,24.0,2908545.69,-0.0
190,16,33,24.0,2872912.11,-0.0
190,16,43,24.0,2840392.19,-0.0
190,16,53,24.0,2810939.49,-0.0
190,16,63,24.0,2784269.13,-0.0
190,17,13,24.0,2614359.23,-0.0
190,17,23,24.0,2556611.62,-0.0
190,17,33,24.0,2508703.82,-0.0
190,17,43,24.0,2460815.05,-0.0
190,17,53,24.0,2407463.38,-0.0
190,17,63,24.0,2358006.15,-0.0
190,18,13,24.0,2305002.81,-0.0
190,18,23,24.0,2253119.04,-0.0
190,18,33,24.0,2199247.8,-0.0
190,18,43,24.0,2153353.54,-0.0
190,18,53,24.0,2110746.78,-0.0
190,18,63,24.0,2068969.58,-0.0
190,19,13,24.0,2009658.1,-0.0
190,19,23,24.0,1970026.2,-0.0
190,19,33,24.0,1930376.76,-0.0
190,19,43,24.0,1900075.51,-0.0
190,19,53,24.0,1873333.49,-0.0
190,19,65,24.0,1849017.55,-0.0
190,20,15,24.0,1820691.61,-0.0
190,20,25,24.0,1793496.47,-0.0
190,20,35,24.0,1768292.15,-0.0
190,20,45,24.0,1744180.89,-0.0
190,20,55,24.0,1720929.61,-0.0
190,20,65,24.0,1698348.16,-0.0
190,21,13,24.21,0.0,0.11
190,21,25,24.36,0.0,0.18
190,21,35,24.4,0.0,0.2
190,21,45,24.41,0.0,0.2
190,21,55,24.4,0.0,0.2
190,21,65,24.39,0.0,0.19
190,22,15,24.37,0.0,0.18
190,22,25,24.35,0.0,0.18
190,22,35,24.34,0.0,0.17
190,22,40,24.32,0.0,0.16
190,22,50,24.31,0.0,0.15
190,22,60,24.29,0.0,0.15
190,23,10,24.26,0.0,0.13
190,23,25,24.24,0.0,0.12
190,23,35,24.22,0.0,0.11
190,23,45,24.19,0.0,0.1
190,23,55,24.17,0.0,0.08
190,23,65,24.14,0.0,0.07
191,0,15,24.13,0.0,0.06
191,0,20,24.12,0.0,0.06
191,0,30,24.11,0.0,0.06
191,0,40,24.11,0.0,0.05
191,0,50,24.1,0.0,0.05
191,0,60,24.1,0.0,0.05
191,1,10,24.09,0.0,0.05
191,1,20,24.09,0.0,0.04
191,1,30,24.09,0.0,0.04
191,1,40,24.08,0.0,0.04
191,1,50,24.08,0.0,0.04
191,1,60,24.08,0.0,0.04
191,2,10,24.07,0.0,0.03
191,2,20,24.05,0.0,0.03
191,2,30,24.04,0.0,0.02
191,2,40,24.02,0.0,0.01
191,2,50,24.0,0.0,0.0
191,2,60,23.98,0.0,-0.01
191,3,10,23.97,0.0,-0.01
191,3,20,23.96,0.0,-0.02
191,3,30,23.96,0.0,-0.02
191,3,40,23.95,0.0,-0.02
191,3,50,23.95,0.0,-0.03
191,3,60,23.95,0.0,-0.03
191,4,10,23.95,0.0,-0.02
191,4,20,23.96,0.0,-0.02
191,4,30,23.96,0.0,-0.02
191,4,40,23.96,0.0,-0.02
191,4,55,23.96,0.0,-0.02
191,4,65,23.96,0.0,-0.02
191,5,13,24.0,1737597.14,-0.0
191,5,25,24.0,1769033.43,-0.0
191,5,35,24.0,1775563.16,-0.0
191,5,45,24.0,1782879.86,-0.0
191,5,55,24.0,1790570.61,-0.0
191,5,65,24.0,1798599.42,-0.0
191,6,15,24.0,1572613.19,0.0
191,6,23,24.0,1615513.8,0.0
191,6,33,24.0,1654057.48,0.0
191,6,43,24.0,1694469.8,0.0
191,6,53,24.0,1737420.33,0.0
191,6,63,24.0,1781954.82,0.0
191,7,13,24.0,2326497.13,-0.0
191,7,23,24.0,2420949.38,-0.0
191,7,33,24.0,2495204.59,-0.0
191,7,43,24.0,2559974.49,-0.0
191,7,53,24.0,2618384.74,-0.0
191,7,63,24.0,2672576.52,-0.0
191,8,13,24.0,2729163.11,-0.0
191,8,25,24.0,2782975.64,-0.0
191,8,35,24.0,2835115.74,-0.0
191,8,45,24.0,2889403.76,-0.0
191,8,55,24.0,2944016.32,-0.0
191,8,65,24.0,2998633.08,-0.0
191,9,15,24.0,3042152.43,-0.0
191,9,25,24.0,3084972.75,-0.0
191,9,35,24.0,3127019.96,-0.0
191,9,45,24.0,3163210.56,-0.0
191,9,55,24.0,3197079.34,-0.0
191,9,60,24.0,3229942.61,-0.0
191,10,10,24.0,3230221.59,-0.0
191,10,20,24.0,3229108.45,-0.0
191,10,30,24.0,3225865.16,-0.0
191,10,40,24.0,3217520.58,-0.0
191,10,50,24.0,3206762.41,-0.0
191,10,60,24.0,3194719.87,-0.0
191,11,10,24.0,3015929.07,-0.0
191,11,20,24.0,2997045.01,-0.0
191,11,30,24.0,2982161.82,-0.0
191,11,40,24.0,2979471.09,-0.0
191,11,50,24.0,2981665.97,-0.0
191,11,60,24.0,2986625.75,-0.0
191,12,10,24.0,3212331.12,-0.0
191,12,25,24.0,3282057.9,-0.0
191,12,35,24.0,3348248.94,-0.0
191,12,45,24.0,3410572.66,-0.0
191,12,55,24.0,3471585.19,-0.0
191,12,65,24.0,3532161.52,-0.0
191,13,15,24.0,3545319.01,-0.0
191,13,25,24.0,3554129.6,-0.0
191,13,35,24.0,3562676.68,-0.0
191,13,45,24.0,3558143.22,-0.0
191,13,50,24.0,3549307.77,-0.0
191,13,60,24.0,3536861.43,-0.0
191,14,10,24.0,3520023.0,-0.0
191,14,20,24.0,3503804.61,-0.0
191,14,35,24.0,3488764.2,-0.0
191,14,45,24.0,3482040.8,-0.0
191,14,55,24.0,3478452.03,-0.0
191,14,65,24.0,3476286.64,-0.0
191,15,15,24.0,3431121.56,-0.0
191,15,25,24.0,3385138.6,-0.0
191,15,35,24.0,3336759.95,-0.0
191,15,45,24.0,3291644.48,-0.0
191,15,55,24.0,3247347.99,-0.0
191,15,65,24.0,3203423.09,-0.0
191,16,15,24.0,2713838.2,-0.0
191,16,25,24.0,2654678.59,-0.0
191,16,30,24.0,2619319.09,-0.0
191,16,40,24.0,2583228.06,-0.0
191,16,50,24.0,2549207.45,-0.0
191,16,60,24.0,2517215.79,-0.0
191,17,10,24.0,2349813.98,-0.0
191,17,25,24.0,2313891.55,-0.0
191,17,35,24.0,2287032.44,-0.0
191,17,45,24.0,2263638.18,-0.0
191,17,55,24.0,2242924.43,-0.0
191,17,65,24.0,2223644.68,-0.0
191,18,15,24.0,2215722.16,-0.0
191,18,25,24.0,2208317.21,-0.0
191,18,35,24.0,2202001.09,-0.0
191,18,45,24.0,2198795.86,-0.0
191,18,55,24.0,2197235.14,-0.0
191,18,60,24.0,2196493.14,-0.0
191,19,10,24.0,2147558.51,-0.0
191,19,20,24.0,2124404.5,-0.0
191,19,35,24.0,2100410.63,-0.0
191,19,45,24.0,2082635.6,-0.0
191,19,50,24.0,2067494.1,-0.0
191,19,60,24.0,2053958.62,-0.0
191,20,10,24.0,2049532.1,-0.0
191,20,20,24.0,2044687.97,-0.0
191,20,30,24.0,2040964.77,-0.0
191,20,40,24.0,2037517.8,-0.0
191,20,50,24.0,2034277.18,-0.0
191,20,60,24.0,2031193.36,-0.0
191,21,15,24.29,0.0,0.14
191,21,20,24.52,0.0,0.26
191,21,30,24.62,0.0,0.31
191,21,40,24.68,0.0,0.34
191,21,50,24.71,0.0,0.36
191,21,60,24.73,0.0,0.37
191,22,10,24.73,0.0,0.37
191,22,20,24.73,0.0,0.36
191,22,30,24.72,0.0,0.36
191,22,40,24.72,0.0,0.36
191,22,50,24.71,0.0,0.36
191,22,60,24.71,0.0,0.35
191,23,10,24.68,0.0,0.34
191,23,20,24.67,0.0,0.33
191,23,30,24.66,0.0,0.33
191,23,40,24.64,0.0,0.32
191,23,50,24.63,0.0,0.32
191,23,60,24.62,0.0,0.31
192,0,10,24.61,0.0,0.31
192,0,20,24.61,0.0,0.3
192,0,30,24.6,0.0,0.3
192,0,40,24.6,0.0,0.3
192,0,50,24.59,0.0,0.3
192,0,60,24.59,0.0,0.3
192,1,10,24.59,0.0,0.29
192,1,20,24.58,0.0,0.29
192,1,30,24.58,0.0,0.29
192,1,40,24.57,0.0,0.29
192,1,50,24.57,0.0,0.28
192,1,60,24.56,0.0,0.28
192,2,10,24.56,0.0,0.28
192,2,20,24.56,0.0,0.28
192,2,30,24.55,0.0,0.28
192,2,40,24.55,0.0,0.27
192,2,50,24.54,0.0,0.27
192,2,60,24.54,0.0,0.27
192,3,10,24.53,0.0,0.27
192,3,20,24.53,0.0,0.26
192,3,30,24.52,0.0,0.26
192,3,40,24.52,0.0,0.26
192,3,50,24.51,0.0,0.26
192,3,60,24.51,0.0,0.25
192,4,10,24.52,0.0,0.26
192,4,20,24.52,0.0,0.26
192,4,30,24.52,0.0,0.26
192,4,40,24.52,0.0,0.26
192,4,50,24.52,0.0,0.26
192,4,60,24.52,0.0,0.26
192,5,13,24.02,2541451.55,0.01
192,5,20,24.0,2229689.04,-0.0
192,5,30,24.0,2192491.93,-0.0
192,5,40,24.0,2167574.56,-0.0
192,5,50,24.0,2147256.48,-0.0
192,5,60,24.0,2130416.25,-0.0
192,6,10,24.0,2006375.18,-0.0
192,6,25,24.0,2028812.11,-0.0
192,6,35,24.0,2045741.0,-0.0
192,6,45,24.0,2062289.71,-0.0
192,6,55,24.0,2078928.02,-0.0
192,6,65,24.0,2095473.24,-0.0
192,7,15,24.0,2754760.96,-0.0
192,7,25,24.0,2830810.46,-0.0
192,7,35,24.0,2881335.29,-0.0
192,7,45,24.0,2919436.04,-0.0
192,7,55,24.0,2951142.64,-0.0
192,7,60,24.0,2979789.47,-0.0
192,8,10,24.0,2991577.71,-0.0
192,8,20,24.0,3000878.63,-0.0
192,8,30,24.0,3007689.93,-0.0
192,8,40,24.0,3017152.27,-0.0
192,8,50,24.0,3026834.57,-0.0
192,8,60,24.0,3036229.73,-0.0
192,9,10,24.0,3054567.19,-0.0
192,9,20,24.0,3072794.99,-0.0
192,9,30,24.0,3090778.19,-0.0
192,9,40,24.0,3109620.61,-0.0
192,9,50,24.0,3128857.27,-0.0
192,9,60,24.0,3148160.42,-0.0
192,10,10,24.0,3161240.78,-0.0
192,10,20,24.0,3176140.42,-0.0
192,10,35,24.0,3190812.12,-0.0
192,10,45,24.0,3213876.72,-0.0
192,10,55,24.0,3239588.05,-0.0
192,10,65,24.0,3267024.88,-0.0
192,11,13,24.0,3123838.98,-0.0
192,11,23,24.0,3151268.66,-0.0
192,11,33,24.0,3181438.07,-0.0
192,11,43,24.0,3201494.2,-0.0
192,11,55,24.0,3219091.02,-0.0
192,11,65,24.0,3234667.02,-0.0
192,12,15,24.0,3429302.77,-0.0
192,12,25,24.0,3455534.54,-0.0
192,12,35,24.0,3478101.2,-0.0
192,12,45,24.0,3500087.53,-0.0
192,12,55,24.0,3521495.12,-0.0
192,12,65,24.0,3542451.66,-0.0
192,13,15,24.0,3562037.58,-0.0
192,13,20,24.0,3579170.61,-0.0
192,13,30,24.0,3596290.49,-0.0
192,13,40,24.0,3612712.49,-0.0
192,13,50,24.0,3628768.27,-0.0
192,13,60,24.0,3642090.91,-0.0
192,14,10,24.0,3655389.08,-0.0
192,14,20,24.0,3669636.7,-0.0
192,14,30,24.0,3684734.97,-0.0
192,14,40,24.0,3706974.94,-0.0
192,14,50,24.0,3730681.64,-0.0
192,14,60,24.0,3758247.93,-0.0
192,15,10,24.0,3799967.65,-0.0
192,15,20,24.0,3842177.26,-0.0
192,15,35,24.0,3882659.47,-0.0
192,15,40,24.0,3916368.93,-0.0
192,15,50,24.0,3946033.17,-0.0
192,15,60,24.0,3974662.63,-0.0
192,16,10,24.0,3459440.6,-0.0
192,16,20,24.0,3404561.72,-0.0
192,16,30,24.0,3375715.46,-0.0
192,16,40,24.0,3346442.32,-0.0
192,16,55,24.0,3319477.41,-0.0
192,16,65,24.0,3293940.45,-0.0
192,17,15,24.0,3109696.54,-0.0
192,17,25,24.0,3070773.19,-0.0
192,17,35,24.0,3036089.25,-0.0
192,17,43,24.0,3006148.27,-0.0
192,17,53,24.0,2976960.21,-0.0
192,17,63,24.0,2947018.81,-0.0
192,18,13,24.0,2907358.35,-0.0
192,18,23,24.0,2860728.01,-0.0
192,18,33,24.0,2814716.76,-0.0
192,18,43,24.0,2783198.18,-0.0
192,18,55,24.0,2756173.5,-0.0
192,18,65,24.0,2731662.45,-0.0
192,19,15,24.0,2666920.85,-0.0
192,19,25,24.0,2632639.24,-0.0
192,19,35,24.0,2597076.07,-0.0
192,19,45,24.0,2568908.01,-0.0
192,19,55,24.0,2543798.44,-0.0
192,19,65,24.0,2520382.9,-0.0
192,20,15,24.0,2505300.06,-0.0
192,20,25,24.0,2491395.79,-0.0
192,20,30,24.0,2479791.81,-0.0
192,20,40,24.0,2469699.1,-0.0
192,20,50,24.0,2460781.25,-0.0
192,20,60,24.0,2452822.4,-0.0
192,21,13,24.38,0.0,0.19
192,21,20,24.77,0.0,0.38
192,21,30,24.89,0.0,0.44
192,21,40,24.94,0.0,0.47
192,21,50,24.96,0.0,0.48
192,21,60,24.98,0.0,0.49
192,22,10,24.97,0.0,0.49
192,22,20,24.96,0.0,0.48
192,22,30,24.94,0.0,0.47
192,22,40,24.92,0.0,0.46
192,22,50,24.9,0.0,0.45
192,22,60,24.87,0.0,0.44
192,23,10,24.85,0.0,0.43
192,23,20,24.85,0.0,0.43
192,23,30,24.86,0.0,0.43
192,23,40,24.87,0.0,0.43
192,23,50,24.88,0.0,0.44
192,23,60,24.9,0.0,0.45
193,0,10,24.9,0.0,0.45
193,0,20,24.9,0.0,0.45
193,0,30,24.89,0.0,0.45
193,0,40,24.89,0.0,0.44
193,0,50,24.88,0.0,0.44
193,0,60,24.87,0.0,0.44
193,1,10,24.85,0.0,0.43
193,1,25,24.84,0.0,0.42
193,1,35,24.81,0.0,0.41
193,1,45,24.78,0.0,0.39
193,1,55,24.76,0.0,0.38
193,1,65,24.73,0.0,0.36
193,2,15,24.7,0.0,0.35
193,2,20,24.67,0.0,0.34
193,2,30,24.66,0.0,0.33
193,2,40,24.64,0.0,0.32
193,2,50,24.62,0.0,0.31
193,2,60,24.6,0.0,0.3
193,3,10,24.58,0.0,0.29
193,3,20,24.57,0.0,0.28
193,3,30,24.55,0.0,0.27
193,3,40,24.53,0.0,0.27
193,3,50,24.51,0.0,0.26
193,3,60,24.5,0.0,0.25
193,4,10,24.5,0.0,0.25
193,4,20,24.51,0.0,0.25
193,4,30,24.51,0.0,0.26
193,4,40,24.52,0.0,0.26
193,4,50,24.52,0.0,0.26
193,4,60,24.53,0.0,0.26
193,5,13,24.02,2506931.47,0.01
193,5,25,24.0,2301414.57,0.0
193,5,35,24.0,2264526.34,0.0
193,5,45,24.0,2236259.49,-0.0
193,5,55,24.0,2212481.3,-0.0
193,5,65,24.0,2192566.25,-0.0
193,6,10,24.0,2075144.98,-0.0
193,6,20,24.0,2092858.62,-0.0
193,6,30,24.0,2105790.63,-0.0
193,6,45,24.0,2127640.44,-0.0
193,6,55,24.0,2151556.22,-0.0
193,6,65,24.0,2174686.1,-0.0
193,7,13,24.0,2843937.71,-0.0
193,7,23,24.0,2948149.51,-0.0
193,7,33,24.0,3023233.51,-0.0
193,7,43,24.0,3078940.73,-0.0
193,7,53,24.0,3125633.5,-0.0
193,7,65,24.0,3168073.66,-0.0
193,8,15,24.0,3167614.05,-0.0
193,8,20,24.0,3163895.41,-0.0
193,8,30,24.0,3155549.02,-0.0
193,8,40,24.0,3164054.05,-0.0
193,8,50,24.0,3177300.44,-0.0
193,8,60,24.0,3191469.09,-0.0
193,9,15,24.0,3263264.33,-0.0
193,9,23,24.0,3340466.06,-0.0
193,9,32,24.0,3420816.77,-0.0
193,9,42,24.0,3485551.99,-0.0
193,9,52,24.0,3546652.1,-0.0
193,9,62,24.0,3603011.74,-0.0
193,10,12,24.0,3619380.87,-0.0
193,10,23,24.0,3631791.3,-0.0
193,10,33,24.0,3638272.71,-0.0
193,10,45,24.0,3647137.71,-0.0
193,10,50,24.0,3654616.04,-0.0
193,10,60,24.0,3660252.76,-0.0
193,11,10,24.0,3466360.6,-0.0
193,11,20,24.0,3450214.14,-0.0
193,11,30,24.0,3437209.28,-0.0
193,11,40,24.0,3433051.44,-0.0
193,11,55,24.0,3433502.01,-0.0
193,11,63,24.0,3440732.3,-0.0
193,12,12,24.0,3650171.51,-0.0
193,12,23,24.0,3698173.12,-0.0
193,12,32,24.0,3743408.67,-0.0
193,12,42,24.0,3773841.63,-0.0
193,12,53,24.0,3799432.74,-0.0
193,12,65,24.0,3822995.81,-0.0
193,13,10,24.0,3853760.34,-0.0
193,13,20,24.0,3883572.55,-0.0
193,13,30,24.0,3914961.42,-0.0
193,13,40,24.0,3951723.72,-0.0
193,13,50,24.0,3990764.69,-0.0
193,13,60,24.0,4031197.99,-0.0
193,14,10,24.0,4070670.56,-0.0
193,14,20,24.0,4111500.98,-0.0
193,14,30,24.0,4154102.29,-0.0
193,14,40,24.0,4170820.42,-0.0
193,14,50,24.0,4177399.76,-0.0
193,14,63,24.0,4177397.82,-0.0
193,15,12,24.0,4124909.74,-0.0
193,15,23,24.0,4070382.3,-0.0
193,15,32,24.0,4007872.24,-0.0
193,15,42,24.0,3984970.86,-0.0
193,15,53,24.0,3978259.08,-0.0
193,15,63,24.0,3973427.96,-0.0
193,16,15,24.0,3481639.66,-0.0
193,16,25,24.0,3449448.32,-0.0
193,16,30,24.0,3443148.05,-0.0
193,16,40,24.0,3414552.67,-0.0
193,16,50,24.0,3387217.03,-0.0
193,16,65,24.0,3361460.75,-0.0
193,17,15,24.0,3168464.22,-0.0
193,17,25,24.0,3116270.28,-0.0
193,17,33,24.0,3075071.28,-0.0
193,17,43,24.0,3038919.49,-0.0
193,17,53,24.0,3005449.8,-0.0
193,17,63,24.0,2967038.17,-0.0
193,18,13,24.0,2926342.64,-0.0
193,18,23,24.0,2887553.89,-0.0
193,18,33,24.0,2845987.1,-0.0
193,18,43,24.0,2811702.92,-0.0
193,18,53,24.0,2780831.8,-0.0
193,18,65,24.0,2747952.82,-0.0
193,19,15,24.0,2689519.34,-0.0
193,19,25,24.0,2658704.05,-0.0
193,19,35,24.0,2630687.64,-0.0
193,19,45,24.0,2611508.8,-0.0
193,19,55,24.0,2595748.4,-0.0
193,19,65,24.0,2581910.68,-0.0
193,20,15,24.0,2569297.81,-0.0
193,20,25,24.0,2556275.57,-0.0
193,20,30,24.0,2543954.84,-0.0
193,20,40,24.0,2531936.15,-0.0
193,20,50,24.0,2520021.59,-0.0
193,20,60,24.0,2508218.61,-0.0
193,21,13,24.41,0.0,0.2
193,21,20,24.81,0.0,0.41
193,21,30,24.94,0.0,0.47
193,21,40,25.0,0.0,0.5
193,21,50,25.04,0.0,0.52
193,21,60,25.06,0.0,0.53
193,22,10,25.07,0.0,0.53
193,22,20,25.07,0.0,0.54
193,22,30,25.08,0.0,0.54
193,22,40,25.09,0.0,0.55
193,22,50,25.1,0.0,0.55
193,22,60,25.11,0.0,0.55
193,23,10,25.09,0.0,0.55
193,23,20,25.08,0.0,0.54
193,23,30,25.07,0.0,0.53
193,23,40,25.06,0.0,0.53
193,23,50,25.04,0.0,0.52
193,23,60,25.03,0.0,0.51
194,0,10,25.01,0.0,0.51
194,0,20,25.0,0.0,0.5
194,0,30,24.98,0.0,0.49
194,0,40,24.97,0.0,0.48
194,0,50,24.95,0.0,0.47
194,0,60,24.93,0.0,0.46
194,1,10,24.91,0.0,0.45
194,1,20,24.89,0.0,0.44
194,1,30,24.87,0.0,0.43
194,1,40,24.85,0.0,0.42
194,1,50,24.82,0.0,0.41
194,1,60,24.8,0.0,0.4
194,2,10,24.78,0.0,0.39
194,2,20,24.75,0.0,0.38
194,2,30,24.73,0.0,0.36
194,2,40,24.7,0.0,0.35
194,2,50,24.67,0.0,0.34
194,2,60,24.64,0.0,0.32
194,3,10,24.62,0.0,0.31
194,3,20,24.6,0.0,0.3
194,3,30,24.58,0.0,0.29
194,3,40,24.56,0.0,0.28
194,3,50,24.54,0.0,0.27
194,3,60,24.53,0.0,0.26
194,4,10,24.52,0.0,0.26
194,4,20,24.51,0.0,0.26
194,4,30,24.5,0.0,0.25
194,4,40,24.49,0.0,0.24
194,4,50,24.48,0.0,0.24
194,4,60,24.47,0.0,0.23
194,5,13,24.02,2458168.24,0.01
194,5,20,24.0,2258652.08,-0.0
194,5,30,24.0,2230322.94,-0.0
194,5,45,24.0,2221607.25,-0.0
194,5,55,24.0,2223711.68,-0.0
194,5,65,24.0,2235804.12,-0.0
194,6,13,24.0,2097719.92,-0.0
194,6,23,24.0,2151679.68,-0.0
194,6,33,24.0,2200030.51,-0.0
194,6,43,24.0,2239889.46,-0.0
194,6,53,24.0,2280902.88,-0.0
194,6,63,24.0,2317786.41,-0.0
194,7,13,24.0,2933505.03,-0.0
194,7,23,24.0,3046982.72,-0.0
194,7,33,24.0,3127487.96,-0.0
194,7,42,24.0,3198598.96,-0.0
194,7,52,24.0,3264649.11,-0.0
194,7,62,24.0,3326378.93,-0.0
194,8,12,24.0,3376717.78,-0.0
194,8,23,24.0,3424166.83,-0.0
194,8,32,24.0,3469338.96,-0.0
194,8,42,24.0,3509972.34,-0.0
194,8,53,24.0,3547705.89,-0.0
194,8,63,24.0,3581868.56,-0.0
194,9,13,24.0,3605958.2,-0.0
194,9,23,24.0,3629667.64,-0.0
194,9,33,24.0,3652973.86,-0.0
194,9,43,24.0,3675935.99,-0.0
194,9,55,24.0,3700404.1,-0.0
194,9,65,24.0,3724911.54,-0.0
194,10,15,24.0,3746842.91,-0.0
194,10,25,24.0,3768957.9,-0.0
194,10,35,24.0,3790018.78,-0.0
194,10,45,24.0,3810188.24,-0.0
194,10,55,24.0,3830117.54,-0.0
194,10,65,24.0,3854911.07,-0.0
194,11,15,24.0,3717763.84,-0.0
194,11,25,24.0,3742211.38,-0.0
194,11,35,24.0,3769517.12,-0.0
194,11,45,24.0,3798243.83,-0.0
194,11,55,24.0,3827573.85,-0.0
194,11,60,24.0,3858258.35,-0.0
194,12,10,24.0,4024315.92,-0.0
194,12,20,24.0,4031170.68,-0.0
194,12,30,24.0,4031953.59,-0.0
194,12,40,24.0,4029108.82,-0.0
194,12,50,24.0,4024039.32,-0.0
194,12,60,24.0,4017032.12,-0.0
194,13,10,24.0,4015978.33,-0.0
194,13,20,24.0,4014992.0,-0.0
194,13,30,24.0,4015930.26,-0.0
194,13,40,24.0,4016988.96,-0.0
194,13,50,24.0,4018331.99,-0.0
194,13,60,24.0,4019949.59,-0.0
194,14,10,24.0,4028012.38,-0.0
194,14,20,24.0,4039235.88,-0.0
194,14,30,24.0,4053884.32,-0.0
194,14,40,24.0,4067193.53,-0.0
194,14,50,24.0,4080376.42,-0.0
194,14,65,24.0,4092643.13,-0.0
194,15,15,24.0,4092273.44,-0.0
194,15,25,24.0,4089987.94,-0.0
194,15,35,24.0,4085665.22,-0.0
194,15,45,24.0,4078787.12,-0.0
194,15,55,24.0,4070325.76,-0.0
194,15,65,24.0,4060654.59,-0.0
194,16,15,24.0,3605906.84,-0.0
194,16,25,24.0,3545057.15,-0.0
194,16,35,24.0,3507725.4,-0.0
194,16,43,24.0,3476320.21,-0.0
194,16,53,24.0,3445488.01,-0.0
194,16,63,24.0,3421216.93,-0.0
194,17,13,24.0,3244564.42,-0.0
194,17,23,24.0,3192664.96,-0.0
194,17,33,24.0,3153674.21,-0.0
194,17,43,24.0,3113419.85,-0.0
194,17,53,24.0,3073977.84,-0.0
194,17,63,24.0,3033560.1,-0.0
194,18,13,24.0,2982204.25,-0.0
194,18,23,24.0,2929459.64,-0.0
194,18,33,24.0,2869523.41,-0.0
194,18,43,24.0,2817209.61,-0.0
194,18,53,24.0,2767371.18,-0.0
194,18,63,24.0,2715183.98,-0.0
194,19,13,24.0,2626718.1,-0.0
194,19,23,24.0,2562045.58,-0.0
194,19,33,24.0,2497644.07,-0.0
194,19,43,24.0,2447038.72,-0.0
194,19,53,24.0,2402448.43,-0.0
194,19,63,24.0,2361242.58,0.0
194,20,13,24.0,2331235.11,0.0
194,20,25,24.0,2301292.46,0.0
194,20,35,24.0,2273990.41,0.0
194,20,45,24.0,2247292.38,-0.0
194,20,55,24.0,2221220.78,-0.0
194,20,65,24.0,2195517.55,-0.0
194,21,13,24.36,0.0,0.18
194,21,25,24.67,0.0,0.34
194,21,35,24.79,0.0,0.4
194,21,45,24.86,0.0,0.43
194,21,55,24.89,0.0,0.45
194,21,65,24.91,0.0,0.45
194,22,15,24.9,0.0,0.45
194,22,20,24.88,0.0,0.44
194,22,30,24.87,0.0,0.43
194,22,40,24.84,0.0,0.42
194,22,50,24.82,0.0,0.41
194,22,60,24.8,0.0,0.4
194,23,10,24.68,0.0,0.34
194,23,20,24.63,0.0,0.31
194,23,30,24.59,0.0,0.3
194,23,40,24.57,0.0,0.28
194,23,50,24.55,0.0,0.27
194,23,60,24.53,0.0,0.26
195,0,10,24.52,0.0,0.26
195,0,20,24.5,0.0,0.25
195,0,30,24.49,0.0,0.25
195,0,40,24.49,0.0,0.24
195,0,50,24.48,0.0,0.24
195,0,60,24.47,0.0,0.23
195,1,10,24.45,0.0,0.23
195,1,20,24.44,0.0,0.22
195,1,30,24.43,0.0,0.21
195,1,40,24.41,0.0,0.21
195,1,50,24.4,0.0,0.2
195,1,60,24.38,0.0,0.19
195,2,10,24.36,0.0,0.18
195,2,20,24.35,0.0,0.17
195,2,30,24.33,0.0,0.16
195,2,40,24.31,0.0,0.16
195,2,50,24.29,0.0,0.15
195,2,60,24.28,0.0,0.14
195,3,10,24.26,0.0,0.13
195,3,20,24.25,0.0,0.12
195,3,30,24.24,0.0,0.12
195,3,40,24.23,0.0,0.11
195,3,50,24.21,0.0,0.11
195,3,60,24.2,0.0,0.1
195,4,10,24.2,0.0,0.1
195,4,20,24.2,0.0,0.1
195,4,30,24.2,0.0,0.1
195,4,40,24.21,0.0,0.1
195,4,50,24.21,0.0,0.11
195,4,65,24.22,0.0,0.11
195,5,13,24.01,2239820.03,0.0
195,5,25,24.0,2131725.51,0.0
195,5,35,24.0,2123690.45,-0.0
195,5,45,24.0,2117746.92,-0.0
195,5,55,24.0,2115609.15,-0.0
195,5,65,24.0,2115146.21,-0.0
195,6,13,24.0,1908797.13,-0.0
195,6,23,24.0,1927642.51,-0.0
195,6,33,24.0,1946886.31,-0.0
195,6,43,24.0,1969485.0,-0.0
195,6,53,24.0,1993883.7,-0.0
195,6,63,24.0,2019608.94,-0.0
195,7,13,24.0,2180616.84,-0.0
195,7,23,24.0,2228500.65,-0.0
195,7,33,24.0,2267150.62,-0.0
195,7,43,24.0,2299760.14,-0.0
195,7,53,24.0,2329449.14,-0.0
195,7,62,24.0,2352985.33,-0.0
195,8,12,24.0,2378720.28,-0.0
195,8,23,24.0,2404995.74,-0.0
195,8,33,24.0,2430233.05,-0.0
195,8,43,24.0,2456314.7,-0.0
195,8,53,24.0,2484382.94,-0.0
195,8,62,24.0,2508711.63,-0.0
195,9,12,24.0,2522562.33,-0.0
195,9,23,24.0,2537512.27,-0.0
195,9,32,24.0,2549798.86,-0.0
195,9,42,24.0,2561037.03,-0.0
195,9,53,24.0,2573073.47,-0.0
195,9,63,24.0,2585025.27,-0.0
195,10,13,24.0,2595670.77,-0.0
195,10,23,24.0,2605227.79,-0.0
195,10,32,24.0,2613640.86,-0.0
195,10,42,24.0,2613851.15,-0.0
195,10,53,24.0,2611977.86,-0.0
195,10,63,24.0,2611819.86,-0.0
195,11,15,24.0,2455879.1,-0.0
195,11,20,24.0,2441549.47,-0.0
195,11,30,24.0,2434677.6,-0.0
195,11,40,24.0,2433451.38,-0.0
195,11,50,24.0,2434889.31,-0.0
195,11,60,24.0,2438119.26,-0.0
195,12,10,24.0,2443912.77,-0.0
195,12,20,24.0,2450428.0,-0.0
195,12,30,24.0,2457691.08,-0.0
195,12,40,24.0,2465530.08,-0.0
195,12,50,24.0,2470161.99,-0.0
195,12,65,24.0,2476698.34,-0.0
195,13,15,24.0,2468218.32,-0.0
195,13,25,24.0,2462711.73,-0.0
195,13,35,24.0,2458587.65,-0.0
195,13,45,24.0,2457371.46,-0.0
195,13,50,24.0,2457826.86,-0.0
195,13,60,24.0,2458344.57,-0.0
195,14,10,24.0,2462674.5,-0.0
195,14,20,24.0,2468552.81,-0.0
195,14,30,24.0,2476319.67,-0.0
195,14,40,24.0,2481131.41,-0.0
195,14,55,24.0,2484412.45,-0.0
195,14,65,24.0,2487188.09,-0.0
195,15,15,24.0,2486372.35,-0.0
195,15,25,24.0,2482610.99,-0.0
195,15,35,24.0,2477173.66,-0.0
195,15,43,24.0,2460206.68,-0.0
195,15,53,24.0,2442640.52,-0.0
195,15,63,24.0,2423830.67,-0.0
195,16,13,24.0,2326959.61,-0.0
195,16,23,24.0,2283415.33,-0.0
195,16,33,24.0,2247100.64,-0.0
195,16,43,24.0,2220170.36,-0.0
195,16,53,24.0,2196454.85,-0.0
195,16,63,24.0,2174408.47,-0.0
195,17,12,24.16,0.0,0.08
195,17,23,24.32,0.0,0.16
195,17,33,24.39,0.0,0.19
195,17,43,24.43,0.0,0.21
195,17,53,24.45,0.0,0.23
195,17,63,24.47,0.0,0.23
195,18,13,24.48,0.0,0.24
195,18,23,24.5,0.0,0.25
195,18,33,24.51,0.0,0.25
195,18,43,24.51,0.0,0.26
195,18,53,24.52,0.0,0.26
195,18,63,24.52,0.0,0.26
195,19,13,24.52,0.0,0.26
195,19,23,24.52,0.0,0.26
195,19,33,24.52,0.0,0.26
195,19,45,24.52,0.0,0.26
195,19,55,24.51,0.0,0.25
195,19,65,24.5,0.0,0.25
195,20,15,24.49,0.0,0.25
195,20,25,24.48,0.0,0.24
195,20,35,24.46,0.0,0.23
195,20,45,24.44,0.0,0.22
195,20,55,24.41,0.0,0.21
195,20,65,24.39,0.0,0.19
195,21,10,24.38,0.0,0.19
195,21,20,24.37,0.0,0.19
195,21,30,24.38,0.0,0.19
195,21,40,24.38,0.0,0.19
195,21,50,24.39,0.0,0.19
195,21,60,24.39,0.0,0.2
195,22,10,24.4,0.0,0.2
195,22,20,24.4,0.0,0.2
195,22,30,24.4,0.0,0.2
195,22,40,24.4,0.0,0.2
195,22,50,24.4,0.0,0.2
195,22,60,24.4,0.0,0.2
195,23,10,24.4,0.0,0.2
195,23,20,24.41,0.0,0.2
195,23,30,24.42,0.0,0.21
195,23,40,24.42,0.0,0.21
195,23,50,24.43,0.0,0.22
195,23,60,24.44,0.0,0.22
196,0,10,24.44,0.0,0.22
196,0,20,24.44,0.0,0.22
196,0,30,24.43,0.0,0.22
196,0,40,24.42,0.0,0.21
196,0,50,24.41,0.0,0.2
196,0,60,24.4,0.0,0.2
196,1,10,24.39,0.0,0.19
196,1,20,24.38,0.0,0.19
196,1,30,24.38,0.0,0.19
196,1,40,24.37,0.0,0.19
196,1,50,24.37,0.0,0.18
196,1,60,24.36,0.0,0.18
196,2,10,24.35,0.0,0.18
196,2,20,24.34,0.0,0.17
196,2,30,24.33,0.0,0.16
196,2,40,24.31,0.0,0.16
196,2,50,24.3,0.0,0.15
196,2,60,24.28,0.0,0.14
196,3,10,24.27,0.0,0.13
196,3,20,24.25,0.0,0.13
196,3,30,24.24,0.0,0.12
196,3,40,24.22,0.0,0.11
196,3,50,24.21,0.0,0.1
196,3,60,24.19,0.0,0.1
196,4,10,24.18,0.0,0.09
196,4,20,24.17,0.0,0.09
196,4,30,24.16,0.0,0.08
196,4,40,24.16,0.0,0.08
196,4,50,24.15,0.0,0.07
196,4,60,24.15,0.0,0.07
196,5,10,24.16,0.0,0.08
196,5,20,24.18,0.0,0.09
196,5,30,24.2,0.0,0.1
196,5,45,24.22,0.0,0.11
196,5,55,24.25,0.0,0.13
196,5,65,24.29,0.0,0.14
196,6,13,24.32,0.0,0.16
196,6,23,24.36,0.0,0.18
196,6,33,24.4,0.0,0.2
196,6,43,24.44,0.0,0.22
196,6,53,24.47,0.0,0.24
196,6,63,24.5,0.0,0.25
196,7,13,24.54,0.0,0.27
196,7,23,24.57,0.0,0.28
196,7,33,24.6,0.0,0.3
196,7,43,24.63,0.0,0.31
196,7,53,24.66,0.0,0.33
196,7,63,24.69,0.0,0.34
196,8,12,24.71,0.0,0.36
196,8,23,24.74,0.0,0.37
196,8,32,24.76,0.0,0.38
196,8,42,24.78,0.0,0.39
196,8,53,24.81,0.0,0.4
196,8,62,24.83,0.0,0.42
196,9,12,24.86,0.0,0.43
196,9,22,24.89,0.0,0.45
196,9,32,24.93,50120.87,0.46
196,9,42,24.96,439725.91,0.48
196,9,53,25.0,386035.45,0.5
196,9,62,25.03,0.0,0.52
196,10,12,25.06,0.0,0.53
196,10,23,25.09,0.0,0.55
196,10,32,25.12,0.0,0.56
196,10,42,25.14,0.0,0.57
196,10,52,25.17,0.0,0.58
196,10,62,25.19,0.0,0.6
196,11,12,25.22,0.0,0.61
196,11,23,25.25,0.0,0.62
196,11,32,25.28,0.0,0.64
196,11,43,25.31,0.0,0.65
196,11,55,25.34,0.0,0.67
196,11,60,25.38,0.0,0.69
196,12,10,25.41,0.0,0.7
196,12,20,25.43,0.0,0.72
196,12,30,25.46,0.0,0.73
196,12,40,25.49,0.0,0.74
196,12,50,25.51,0.0,0.76
196,12,65,25.54,465706.79,0.77
196,13,10,25.56,421321.48,0.78
196,13,20,25.58,417308.24,0.79
196,13,35,25.59,0.0,0.79
196,13,45,25.61,256571.15,0.8
196,13,55,25.62,1017858.35,0.81
196,13,65,25.64,886308.87,0.82
196,14,13,25.66,0.0,0.83
196,14,25,25.67,677921.24,0.84
196,14,35,25.69,974328.45,0.84
196,14,45,25.71,913361.37,0.85
196,14,53,25.72,0.0,0.86
196,14,63,25.74,878851.32,0.87
196,15,15,25.76,955408.49,0.88
196,15,25,25.78,944484.12,0.89
196,15,32,25.8,0.0,0.9
196,15,43,25.82,897186.34,0.91
196,15,53,25.84,964317.7,0.92
196,15,63,25.86,927272.62,0.93
196,16,13,25.88,0.0,0.94
196,16,23,25.89,876296.99,0.95
196,16,33,25.91,892332.37,0.95
196,16,43,25.92,868018.54,0.96
196,16,53,25.93,0.0,0.97
196,16,63,25.95,564780.13,0.97
196,17,13,25.95,894373.35,0.97
196,17,23,25.94,809461.2,0.97
196,17,33,25.92,0.0,0.96
196,17,43,25.9,81761.33,0.95
196,17,53,25.89,443835.09,0.94
196,17,63,25.87,377703.35,0.93
196,18,13,25.86,0.0,0.93
196,18,25,25.85,0.0,0.93
196,18,35,25.85,0.0,0.92
196,18,45,25.85,0.0,0.92
196,18,55,25.85,0.0,0.92
196,18,65,25.85,0.0,0.92
196,19,15,25.82,0.0,0.91
196,19,23,25.77,0.0,0.88
196,19,33,25.7,0.0,0.85
196,19,43,25.63,0.0,0.81
196,19,53,25.55,0.0,0.77
196,19,63,25.46,0.0,0.73
196,20,13,25.41,0.0,0.7
196,20,25,25.38,0.0,0.69
196,20,35,25.37,0.0,0.69
196,20,45,25.37,0.0,0.68
196,20,55,25.36,0.0,0.68
196,20,60,25.37,0.0,0.68
196,21,10,25.37,0.0,0.69
196,21,20,25.38,0.0,0.69
196,21,30,25.39,0.0,0.7
196,21,40,25.4,0.0,0.7
196,21,50,25.42,0.0,0.71
196,21,60,25.43,0.0,0.72
196,22,10,25.45,0.0,0.73
196,22,20,25.47,0.0,0.74
196,22,30,25.5,0.0,0.75
196,22,40,25.52,0.0,0.76
196,22,50,25.54,0.0,0.77
196,22,60,25.57,0.0,0.78
196,23,10,25.65,0.0,0.83
196,23,20,25.7,0.0,0.85
196,23,30,25.72,0.0,0.86
196,23,40,25.74,0.0,0.87
196,23,50,25.75,0.0,0.87
196,23,60,25.76,0.0,0.88
197,0,10,25.75,0.0,0.87
197,0,20,25.72,0.0,0.86
197,0,30,25.7,0.0,0.85
197,0,40,25.67,0.0,0.83
197,0,55,25.64,0.0,0.82
197,0,65,25.6,0.0,0.8
197,1,15,25.58,0.0,0.79
197,1,25,25.56,0.0,0.78
197,1,35,25.55,0.0,0.77
197,1,45,25.53,0.0,0.77
197,1,55,25.52,0.0,0.76
197,1,65,25.51,0.0,0.75
197,2,10,25.51,0.0,0.75
197,2,20,25.52,0.0,0.76
197,2,30,25.53,0.0,0.77
197,2,40,25.55,0.0,0.78
197,2,50,25.57,0.0,0.79
197,2,60,25.59,0.0,0.8
197,3,10,25.6,0.0,0.8
197,3,20,25.6,0.0,0.8
197,3,30,25.6,0.0,0.8
197,3,40,25.6,0.0,0.8
197,3,50,25.6,0.0,0.8
197,3,60,25.6,0.0,0.8
197,4,10,25.61,0.0,0.8
197,4,20,25.62,0.0,0.81
197,4,30,25.62,0.0,0.81
197,4,40,25.62,0.0,0.81
197,4,50,25.63,0.0,0.81
197,4,60,25.63,0.0,0.82
197,5,15,24.12,4620350.46,0.06
197,5,25,24.01,3921994.82,0.01
197,5,35,24.0,3588926.69,0.0
197,5,45,24.0,3405472.51,-0.0
197,5,53,24.0,3270175.05,-0.0
197,5,63,24.0,3193670.42,-0.0
197,6,13,24.0,3445657.53,-0.0
197,6,23,24.0,3466757.59,-0.0
197,6,33,24.0,3487903.39,-0.0
197,6,43,24.0,3506208.43,-0.0
197,6,53,24.0,3524079.78,-0.0
197,6,63,24.0,3545297.67,-0.0
197,7,13,24.0,4266870.38,-0.0
197,7,23,24.0,4382107.57,-0.0
197,7,33,24.0,4453988.43,-0.0
197,7,43,24.0,4517041.91,-0.0
197,7,53,24.0,4574551.39,-0.0
197,7,62,24.0,4628332.27,-0.0
197,8,12,24.0,4681961.59,-0.0
197,8,23,24.0,4734115.21,-0.0
197,8,32,24.0,4784168.73,-0.0
197,8,43,24.0,4834109.86,-0.0
197,8,53,24.0,4880615.06,-0.0
197,8,63,24.0,4922555.9,-0.0
197,9,13,24.0,4948903.17,-0.0
197,9,23,24.0,4973950.14,-0.0
197,9,33,24.0,5000131.67,-0.0
197,9,43,24.0,5024785.41,-0.0
197,9,53,24.0,5048382.81,-0.0
197,9,62,24.0,5070903.13,-0.0
197,10,12,24.0,5085265.39,-0.0
197,10,23,24.0,5101207.37,-0.0
197,10,32,24.0,5117057.6,-0.0
197,10,42,24.0,5133383.06,-0.0
197,10,53,24.0,5150386.92,-0.0
197,10,62,24.0,5173343.92,-0.0
197,11,13,24.0,4987812.31,-0.0
197,11,23,24.0,4992702.1,-0.0
197,11,35,24.0,5001586.77,-0.0
197,11,45,24.0,5011576.17,-0.0
197,11,50,24.0,5023058.87,-0.0
197,11,60,24.0,5034304.06,-0.0
197,12,10,24.0,5258055.63,-0.0
197,12,20,24.0,5297670.53,-0.0
197,12,30,24.0,5332320.43,-0.0
197,12,40,24.0,5365264.72,-0.0
197,12,50,24.0,5397218.88,-0.0
197,12,60,24.0,5428685.95,-0.0
197,13,10,24.0,5459939.68,-0.0
197,13,20,24.0,5490682.78,-0.0
197,13,30,24.0,5522541.23,-0.0
197,13,40,24.0,5552264.22,-0.0
197,13,50,24.0,5581283.48,-0.0
197,13,60,24.0,5609859.97,-0.0
197,14,10,24.0,5620031.9,-0.0
197,14,20,24.0,5628272.89,-0.0
197,14,30,24.0,5633838.38,-0.0
197,14,40,24.0,5639659.33,-0.0
197,14,50,24.0,5644065.13,-0.0
197,14,65,24.0,5644029.97,-0.0
197,15,15,24.0,5636383.98,-0.0
197,15,25,24.0,5627179.5,-0.0
197,15,35,24.0,5616657.87,-0.0
197,15,43,24.0,5606628.23,-0.0
197,15,53,24.0,5597459.85,-0.0
197,15,63,24.0,5587806.53,-0.0
197,16,13,24.0,5025768.15,-0.0
197,16,23,24.0,4968245.81,-0.0
197,16,33,24.0,4944172.02,-0.0
197,16,43,24.0,4923753.63,-0.0
197,16,53,24.0,4907466.74,-0.0
197,16,63,24.0,4893108.01,-0.0
197,17,13,24.0,4661270.42,-0.0
197,17,23,24.0,4590746.51,-0.0
197,17,33,24.0,4533891.13,-0.0
197,17,43,24.0,4468883.63,-0.0
197,17,53,24.0,4408213.99,-0.0
197,17,63,24.0,4346361.7,-0.0
197,18,13,24.0,4292652.51,-0.0
197,18,23,24.0,4239159.79,-0.0
197,18,33,24.0,4187302.93,-0.0
197,18,43,24.0,4139560.08,-0.0
197,18,53,24.0,4085157.52,-0.0
197,18,63,24.0,4032595.29,-0.0
197,19,13,24.0,3951259.91,-0.0
197,19,23,24.0,3883216.32,-0.0
197,19,33,24.0,3839132.22,-0.0
197,19,43,24.0,3809377.1,-0.0
197,19,55,24.0,3784106.66,-0.0
197,19,65,24.0,3764414.16,-0.0
197,20,15,24.0,3729287.6,-0.0
197,20,25,24.0,3693229.12,-0.0
197,20,35,24.0,3657988.82,-0.0
197,20,45,24.0,3622734.38,-0.0
197,20,55,24.0,3587541.35,-0.0
197,20,65,24.0,3552505.29,-0.0
197,21,12,24.63,0.0,0.31
197,21,25,25.27,0.0,0.63
197,21,30,25.53,0.0,0.77
197,21,40,25.62,0.0,0.81
197,21,50,25.68,0.0,0.84
197,21,60,25.72,0.0,0.86
197,22,10,25.74,0.0,0.87
197,22,20,25.76,0.0,0.88
197,22,30,25.78,0.0,0.89
197,22,40,25.8,0.0,0.9
197,22,50,25.82,0.0,0.91
197,22,60,25.83,0.0,0.92
197,23,10,25.83,0.0,0.92
197,23,20,25.83,0.0,0.92
197,23,30,25.83,0.0,0.92
197,23,40,25.83,0.0,0.92
197,23,50,25.83,0.0,0.92
197,23,60,25.83,0.0,0.91
198,0,10,25.83,0.0,0.91
198,0,20,25.83,0.0,0.91
198,0,30,25.83,0.0,0.91
198,0,40,25.83,0.0,0.91
198,0,50,25.83,0.0,0.91
198,0,60,25.83,0.0,0.91
198,1,10,25.83,0.0,0.91
198,1,20,25.82,0.0,0.91
198,1,30,25.82,0.0,0.91
198,1,40,25.82,0.0,0.91
198,1,50,25.81,0.0,0.91
198,1,60,25.81,0.0,0.9
198,2,10,25.8,0.0,0.9
198,2,20,25.8,0.0,0.9
198,2,30,25.79,0.0,0.89
198,2,40,25.78,0.0,0.89
198,2,50,25.77,0.0,0.89
198,2,60,25.77,0.0,0.88
198,3,10,25.76,0.0,0.88
198,3,20,25.75,0.0,0.88
198,3,30,25.74,0.0,0.87
198,3,40,25.74,0.0,0.87
198,3,50,25.73,0.0,0.86
198,3,60,25.72,0.0,0.86
198,4,10,25.72,0.0,0.86
198,4,20,25.72,0.0,0.86
198,4,30,25.71,0.0,0.86
198,4,40,25.71,0.0,0.85
198,4,50,25.7,0.0,0.85
198,4,60,25.69,0.0,0.85
198,5,15,24.13,4632722.42,0.06
198,5,20,24.0,3903604.48,0.0
198,5,30,24.0,3560701.31,-0.0
198,5,45,24.0,3344484.51,-0.0
198,5,55,24.0,3229419.22,-0.0
198,5,65,24.0,3142077.15,-0.0
198,6,13,24.0,3378093.76,-0.0
198,6,23,24.0,3427046.97,-0.0
198,6,33,24.0,3475370.3,-0.0
198,6,43,24.0,3524782.35,-0.0
198,6,53,24.0,3575633.3,-0.0
198,6,63,24.0,3630153.79,-0.0
198,7,13,24.0,4390617.45,-0.0
198,7,23,24.0,4542166.33,-0.0
198,7,33,24.0,4645668.49,-0.0
198,7,43,24.0,4740064.53,-0.0
198,7,53,24.0,4829667.84,-0.0
198,7,62,24.0,4916096.08,-0.0
198,8,12,24.0,4974833.0,-0.0
198,8,23,24.0,5028457.55,-0.0
198,8,32,24.0,5077284.2,-0.0
198,8,42,24.0,5119673.78,-0.0
198,8,53,24.0,5158566.47,-0.0
198,8,63,24.0,5192876.45,-0.0
198,9,13,24.0,5206164.71,-0.0
198,9,23,24.0,5219625.24,-0.0
198,9,32,24.0,5234462.67,-0.0
198,9,43,24.0,5249014.17,-0.0
198,9,53,24.0,5262105.29,-0.0
198,9,63,24.0,5274812.56,-0.0
198,10,13,24.0,5286618.84,-0.0
198,10,23,24.0,5299506.51,-0.0
198,10,33,24.0,5311804.24,-0.0
198,10,43,24.0,5325224.81,-0.0
198,10,53,24.0,5339347.43,-0.0
198,10,65,24.0,5358263.32,-0.0
198,11,15,24.0,5193143.51,-0.0
198,11,25,24.0,5216817.49,-0.0
198,11,35,24.0,5245298.21,-0.0
198,11,45,24.0,5276162.58,-0.0
198,11,55,24.0,5308410.51,-0.0
198,11,65,24.0,5341455.74,-0.0
198,12,15,24.0,5544190.67,-0.0
198,12,25,24.0,5557035.82,-0.0
198,12,35,24.0,5563098.99,-0.0
198,12,45,24.0,5560654.07,-0.0
198,12,55,24.0,5554451.3,-0.0
198,12,60,24.0,5547337.42,-0.0
198,13,10,24.0,5546249.17,-0.0
198,13,20,24.0,5544288.95,-0.0
198,13,30,24.0,5543109.51,-0.0
198,13,40,24.0,5545039.05,-0.0
198,13,50,24.0,5547985.07,-0.0
198,13,60,24.0,5551295.32,-0.0
198,14,10,24.0,5584524.24,-0.0
198,14,20,24.0,5622303.89,-0.0
198,14,35,24.0,5663526.3,-0.0
198,14,45,24.0,5704577.14,-0.0
198,14,55,24.0,5746589.0,-0.0
198,14,65,24.0,5789279.34,-0.0
198,15,13,24.0,5775557.79,-0.0
198,15,23,24.0,5755472.35,-0.0
198,15,33,24.0,5729764.16,-0.0
198,15,43,24.0,5698654.95,-0.0
198,15,53,24.0,5657630.3,-0.0
198,15,63,24.0,5618624.37,-0.0
198,16,13,24.0,5035164.86,-0.0
198,16,23,24.0,4944535.54,-0.0
198,16,33,24.0,4887585.57,-0.0
198,16,43,24.0,4837487.11,-0.0
198,16,53,24.0,4792743.79,-0.0
198,16,63,24.0,4751137.4,-0.0
198,17,13,24.0,4505410.16,-0.0
198,17,23,24.0,4414287.54,-0.0
198,17,33,24.0,4337174.99,-0.0
198,17,43,24.0,4262700.13,-0.0
198,17,53,24.0,4190096.98,-0.0
198,17,63,24.0,4110326.45,-0.0
198,18,13,24.0,4075285.36,-0.0
198,18,23,24.0,4040830.7,-0.0
198,18,33,24.0,4001039.48,-0.0
198,18,43,24.0,3975179.63,-0.0
198,18,53,24.0,3954718.17,-0.0
198,18,65,24.0,3934569.64,-0.0
198,19,15,24.0,3838142.1,-0.0
198,19,23,24.0,3762081.17,-0.0
198,19,33,24.0,3703128.06,-0.0
198,19,45,24.0,3649324.95,-0.0
198,19,55,24.0,3598911.23,-0.0
198,19,65,24.0,3550436.08,-0.0
198,20,15,24.0,3538441.98,-0.0
198,20,25,24.0,3526053.68,-0.0
198,20,35,24.0,3514874.0,-0.0
198,20,45,24.0,3503948.7,-0.0
198,20,50,24.0,3493447.36,-0.0
198,20,60,24.0,3482924.97,-0.0
198,21,12,24.64,0.0,0.32
198,21,25,25.29,0.0,0.64
198,21,35,25.51,0.0,0.75
198,21,45,25.6,0.0,0.8
198,21,55,25.65,0.0,0.82
198,21,65,25.67,0.0,0.84
198,22,15,25.69,0.0,0.84
198,22,20,25.71,0.0,0.86
198,22,30,25.73,0.0,0.86
198,22,40,25.74,0.0,0.87
198,22,50,25.76,0.0,0.88
198,22,60,25.77,0.0,0.88
198,23,10,25.77,0.0,0.88
198,23,20,25.78,0.0,0.89
198,23,30,25.79,0.0,0.89
198,23,40,25.8,0.0,0.9
198,23,50,25.81,0.0,0.9
198,23,60,25.82,0.0,0.91
199,0,10,25.82,0.0,0.91
199,0,20,25.83,0.0,0.91
199,0,30,25.83,0.0,0.91
199,0,40,25.83,0.0,0.92
199,0,50,25.83,0.0,0.92
199,0,60,25.83,0.0,0.92
199,1,10,25.83,0.0,0.91
199,1,20,25.83,0.0,0.91
199,1,30,25.82,0.0,0.91
199,1,40,25.82,0.0,0.91
199,1,50,25.81,0.0,0.91
199,1,60,25.81,0.0,0.9
199,2,10,25.81,0.0,0.9
199,2,20,25.81,0.0,0.9
199,2,30,25.81,0.0,0.9
199,2,40,25.81,0.0,0.9
199,2,50,25.81,0.0,0.9
199,2,60,25.81,0.0,0.91
199,3,10,25.81,0.0,0.9
199,3,20,25.8,0.0,0.9
199,3,30,25.79,0.0,0.9
199,3,40,25.78,0.0,0.89
199,3,50,25.78,0.0,0.89
199,3,60,25.77,0.0,0.88
199,4,10,25.77,0.0,0.88
199,4,20,25.77,0.0,0.88
199,4,30,25.77,0.0,0.88
199,4,40,25.76,0.0,0.88
199,4,50,25.76,0.0,0.88
199,4,60,25.75,0.0,0.88
199,5,15,24.13,4653582.68,0.07
199,5,20,24.0,3925952.62,0.0
199,5,30,24.0,3588739.39,-0.0
199,5,45,24.0,3383098.4,-0.0
199,5,55,24.0,3271103.4,-0.0
199,5,65,24.0,3185601.98,-0.0
199,6,13,24.0,3422517.48,-0.0
199,6,23,24.0,3450855.58,-0.0
199,6,33,24.0,3487200.26,-0.0
199,6,43,24.0,3520263.17,-0.0
199,6,53,24.0,3553856.53,-0.0
199,6,63,24.0,3590078.41,-0.0
199,7,13,24.0,4311079.6,-0.0
199,7,23,24.0,4436633.44,-0.0
199,7,33,24.0,4519766.2,-0.0
199,7,43,24.0,4592145.84,-0.0
199,7,53,24.0,4658265.89,-0.0
199,7,62,24.0,4720328.88,-0.0
199,8,12,24.0,4765318.58,-0.0
199,8,23,24.0,4808327.31,-0.0
199,8,32,24.0,4849183.9,-0.0
199,8,42,24.0,4889835.9,-0.0
199,8,53,24.0,4925948.44,-0.0
199,8,62,24.0,4956914.85,-0.0
199,9,12,24.0,5001391.57,-0.0
199,9,23,24.0,5044691.41,-0.0
199,9,32,24.0,5088935.71,-0.0
199,9,42,24.0,5131867.07,-0.0
199,9,53,24.0,5173552.0,-0.0
199,9,63,24.0,5214697.84,-0.0
199,10,13,24.0,5230682.39,-0.0
199,10,23,24.0,5248436.61,-0.0
199,10,33,24.0,5266255.91,-0.0
199,10,43,24.0,5283972.59,-0.0
199,10,55,24.0,5301634.98,-0.0
199,10,65,24.0,5325254.22,-0.0
199,11,15,24.0,5160779.4,-0.0
199,11,25,24.0,5184139.18,-0.0
199,11,35,24.0,5211808.59,-0.0
199,11,45,24.0,5239817.22,-0.0
199,11,55,24.0,5268416.86,-0.0
199,11,65,24.0,5297430.32,-0.0
199,12,15,24.0,5503038.08,-0.0
199,12,20,24.0,5519958.04,-0.0
199,12,30,24.0,5530351.28,-0.0
199,12,40,24.0,5537556.11,-0.0
199,12,50,24.0,5542547.82,-0.0
199,12,60,24.0,5545939.94,-0.0
199,13,10,24.0,5561835.26,-0.0
199,13,20,24.0,5579800.64,-0.0
199,13,30,24.0,5600889.91,-0.0
199,13,40,24.0,5622330.3,-0.0
199,13,50,24.0,5644415.84,-0.0
199,13,60,24.0,5667010.42,-0.0
199,14,10,24.0,5669562.63,-0.0
199,14,25,24.0,5663382.97,-0.0
199,14,35,24.0,5655690.84,-0.0
199,14,45,24.0,5645316.22,-0.0
199,14,55,24.0,5633481.76,-0.0
199,14,65,24.0,5619841.83,-0.0
199,15,15,24.0,5643104.12,-0.0
199,15,25,24.0,5670111.49,-0.0
199,15,35,24.0,5695068.07,-0.0
199,15,45,24.0,5722569.95,-0.0
199,15,55,24.0,5750821.45,-0.0
199,15,63,24.0,5780385.0,-0.0
199,16,13,24.0,5174492.53,-0.0
199,16,23,24.0,5068811.83,-0.0
199,16,33,24.0,4995248.21,-0.0
199,16,43,24.0,4925354.23,-0.0
199,16,53,24.0,4859689.55,-0.0
199,16,63,24.0,4795247.62,-0.0
199,17,13,24.0,4580750.41,-0.0
199,17,23,24.0,4523858.02,-0.0
199,17,33,24.0,4480431.92,-0.0
199,17,43,24.0,4428502.62,-0.0
199,17,53,24.0,4382752.55,-0.0
199,17,63,24.0,4337223.14,-0.0
199,18,13,24.0,4278219.1,-0.0
199,18,23,24.0,4218202.46,-0.0
199,18,33,24.0,4151525.62,-0.0
199,18,43,24.0,4097821.41,-0.0
199,18,53,24.0,4048714.96,-0.0
199,18,63,24.0,3997361.23,-0.0
199,19,13,24.0,3902457.64,-0.0
199,19,23,24.0,3824388.75,-0.0
199,19,33,24.0,3770593.79,-0.0
199,19,45,24.0,3723590.79,-0.0
199,19,55,24.0,3680999.25,-0.0
199,19,65,24.0,3640930.27,-0.0
199,20,15,24.0,3621637.25,-0.0
199,20,25,24.0,3603274.71,-0.0
199,20,35,24.0,3587256.57,-0.0
199,20,40,24.0,3572028.9,-0.0
199,20,50,24.0,3557835.53,-0.0
199,20,60,24.0,3544312.88,-0.0
199,21,12,24.64,0.0,0.32
199,21,25,25.28,0.0,0.64
199,21,30,25.54,0.0,0.77
199,21,45,25.61,0.0,0.8
199,21,55,25.66,0.0,0.83
199,21,65,25.7,0.0,0.85
199,22,15,25.73,0.0,0.86
199,22,20,25.75,0.0,0.88
199,22,30,25.77,0.0,0.89
199,22,40,25.79,0.0,0.9
199,22,50,25.81,0.0,0.9
199,22,60,25.82,0.0,0.91
199,23,10,25.82,0.0,0.91
199,23,20,25.83,0.0,0.91
199,23,30,25.83,0.0,0.92
199,23,40,25.84,0.0,0.92
199,23,50,25.84,0.0,0.92
199,23,60,25.84,0.0,0.92
200,0,10,25.85,0.0,0.92
200,0,20,25.85,0.0,0.92
200,0,30,25.85,0.0,0.93
200,0,40,25.85,0.0,0.93
200,0,50,25.85,0.0,0.93
200,0,60,25.85,0.0,0.93
200,1,10,25.85,0.0,0.92
200,1,20,25.84,0.0,0.92
200,1,30,25.83,0.0,0.91
200,1,40,25.81,0.0,0.91
200,1,50,25.8,0.0,0.9
200,1,60,25.79,0.0,0.89
200,2,10,25.78,0.0,0.89
200,2,20,25.78,0.0,0.89
200,2,30,25.78,0.0,0.89
200,2,40,25.78,0.0,0.89
200,2,50,25.78,0.0,0.89
200,2,60,25.78,0.0,0.89
200,3,10,25.77,0.0,0.89
200,3,20,25.77,0.0,0.88
200,3,30,25.76,0.0,0.88
200,3,40,25.75,0.0,0.88
200,3,50,25.74,0.0,0.87
200,3,60,25.74,0.0,0.87
200,4,10,25.74,0.0,0.87
200,4,20,25.74,0.0,0.87
200,4,30,25.73,0.0,0.87
200,4,40,25.73,0.0,0.86
200,4,50,25.72,0.0,0.86
200,4,60,25.71,0.0,0.86
200,5,15,24.13,4519857.32,0.06
200,5,20,24.0,3859458.89,0.0
200,5,30,24.0,3533775.75,-0.0
200,5,45,24.0,3327739.48,-0.0
200,5,55,24.0,3221830.5,-0.0
200,5,65,24.0,3138632.12,-0.0
200,6,13,24.0,3341695.27,-0.0
200,6,23,24.0,3401665.32,-0.0
200,6,33,24.0,3468899.29,-0.0
200,6,43,24.0,3522039.69,-0.0
200,6,53,24.0,3572193.17,-0.0
200,6,63,24.0,3623365.14,-0.0
200,7,13,24.0,4321660.13,-0.0
200,7,23,24.0,4426052.98,-0.0
200,7,33,24.0,4489587.53,-0.0
200,7,43,24.0,4536945.38,-0.0
200,7,53,24.0,4584359.61,-0.0
200,7,63,24.0,4629686.52,-0.0
200,8,13,24.0,4697788.9,-0.0
200,8,23,24.0,4764505.05,-0.0
200,8,33,24.0,4829443.79,-0.0
200,8,43,24.0,4898394.49,-0.0
200,8,53,24.0,4968322.27,-0.0
200,8,63,24.0,5036440.36,-0.0
200,9,13,24.0,5068800.3,-0.0
200,9,23,24.0,5101516.04,-0.0
200,9,33,24.0,5134325.31,-0.0
200,9,43,24.0,5165115.54,-0.0
200,9,53,24.0,5194517.36,-0.0
200,9,62,24.0,5221978.1,-0.0
200,10,12,24.0,5266886.74,-0.0
200,10,23,24.0,5316550.64,-0.0
200,10,32,24.0,5368775.34,-0.0
200,10,43,24.0,5415489.89,-0.0
200,10,53,24.0,5462018.93,-0.0
200,10,63,24.0,5511656.03,-0.0
200,11,15,24.0,5319776.83,-0.0
200,11,20,24.0,5318339.08,-0.0
200,11,30,24.0,5320492.78,-0.0
200,11,40,24.0,5334464.84,-0.0
200,11,50,24.0,5345103.88,-0.0
200,11,65,24.0,5363232.25,-0.0
200,12,15,24.0,5580648.67,-0.0
200,12,25,24.0,5601417.17,-0.0
200,12,35,24.0,5607167.39,-0.0
200,12,45,24.0,5599496.48,-0.0
200,12,50,24.0,5588272.25,-0.0
200,12,60,24.0,5571749.33,-0.0
200,13,10,24.0,5587984.86,-0.0
200,13,20,24.0,5605111.57,-0.0
200,13,30,24.0,5624373.19,-0.0
200,13,40,24.0,5652839.58,-0.0
200,13,50,24.0,5684817.44,-0.0
200,13,60,24.0,5718618.65,-0.0
200,14,10,24.0,5746903.01,-0.0
200,14,20,24.0,5778117.53,-0.0
200,14,30,24.0,5811783.38,-0.0
200,14,40,24.0,5838030.44,-0.0
200,14,55,24.0,5861808.84,-0.0
200,14,65,24.0,5885957.17,-0.0
200,15,13,24.0,5879697.86,-0.0
200,15,23,24.0,5875512.14,-0.0
200,15,33,24.0,5871335.02,-0.0
200,15,43,24.0,5875252.1,-0.0
200,15,55,24.0,5879484.27,-0.0
200,15,65,24.0,5885752.92,-0.0
200,16,15,24.0,5289793.92,-0.0
200,16,25,24.0,5216482.46,-0.0
200,16,35,24.0,5178246.48,-0.0
200,16,45,24.0,5129890.48,-0.0
200,16,55,24.0,5080722.41,-0.0
200,16,63,24.0,5027142.64,-0.0
200,17,13,24.0,4773948.45,-0.0
200,17,23,24.0,4678995.42,-0.0
200,17,33,24.0,4599573.22,-0.0
200,17,43,24.0,4528566.34,-0.0
200,17,53,24.0,4460380.82,-0.0
200,17,63,24.0,4392969.58,-0.0
200,18,13,24.0,4333609.02,-0.0
200,18,23,24.0,4275645.14,-0.0
200,18,33,24.0,4222073.94,-0.0
200,18,43,24.0,4181471.26,-0.0
200,18,55,24.0,4144440.03,-0.0
200,18,65,24.0,4111061.86,-0.0
200,19,15,24.0,3915015.02,-0.0
200,19,25,24.0,3750446.13,-0.0
200,19,33,24.0,3593172.5,-0.0
200,19,43,24.0,3441670.4,-0.0
200,19,53,24.0,3295249.29,-0.0
200,19,63,24.0,3154475.72,-0.0
200,20,13,24.0,3121410.17,-0.0
200,20,25,24.0,3094061.36,-0.0
200,20,35,24.0,3070855.97,-0.0
200,20,45,24.0,3051372.91,-0.0
200,20,55,24.0,3034553.15,-0.0
200,20,65,24.0,3019809.7,-0.0
200,21,12,24.53,0.0,0.26
200,21,25,25.04,0.0,0.52
200,21,35,25.24,0.0,0.62
200,21,45,25.34,0.0,0.67
200,21,50,25.41,0.0,0.71
200,21,60,25.45,0.0,0.73
200,22,10,25.47,0.0,0.74
200,22,20,25.49,0.0,0.75
200,22,30,25.52,0.0,0.76
200,22,40,25.53,0.0,0.77
200,22,50,25.55,0.0,0.78
200,22,60,25.57,0.0,0.78
200,23,10,25.57,0.0,0.79
200,23,20,25.59,0.0,0.79
200,23,30,25.6,0.0,0.8
200,23,40,25.62,0.0,0.81
200,23,50,25.64,0.0,0.82
200,23,60,25.65,0.0,0.83
201,0,10,25.66,0.0,0.83
201,0,20,25.67,0.0,0.83
201,0,30,25.67,0.0,0.83
201,0,40,25.67,0.0,0.83
201,0,50,25.67,0.0,0.83
201,0,60,25.66,0.0,0.83
201,1,10,25.66,0.0,0.83
201,1,20,25.66,0.0,0.83
201,1,30,25.66,0.0,0.83
201,1,40,25.65,0.0,0.83
201,1,50,25.65,0.0,0.82
201,1,60,25.64,0.0,0.82
201,2,10,25.64,0.0,0.82
201,2,20,25.63,0.0,0.82
201,2,30,25.62,0.0,0.81
201,2,40,25.62,0.0,0.81
201,2,50,25.61,0.0,0.8
201,2,60,25.6,0.0,0.8
201,3,10,25.59,0.0,0.79
201,3,20,25.58,0.0,0.79
201,3,30,25.57,0.0,0.79
201,3,40,25.56,0.0,0.78
201,3,50,25.55,0.0,0.78
201,3,60,25.54,0.0,0.77
201,4,10,25.54,0.0,0.77
201,4,20,25.54,0.0,0.77
201,4,30,25.53,0.0,0.77
201,4,40,25.53,0.0,0.76
201,4,50,25.52,0.0,0.76
201,4,60,25.51,0.0,0.76
201,5,13,24.06,4017426.05,0.03
201,5,20,24.0,3432526.61,-0.0
201,5,30,24.0,3200746.75,-0.0
201,5,40,24.0,3068640.85,-0.0
201,5,50,24.0,2975260.23,-0.0
201,5,65,24.0,2894852.59,-0.0
201,6,15,24.0,2937617.98,-0.0
201,6,25,24.0,2952473.62,-0.0
201,6,33,24.0,2965967.39,-0.0
201,6,43,24.0,2982793.5,-0.0
201,6,53,24.0,3001354.12,-0.0
201,6,63,24.0,3023342.69,-0.0
201,7,13,24.0,3678336.47,-0.0
201,7,23,24.0,3796021.31,-0.0
201,7,33,24.0,3875551.3,-0.0
201,7,43,24.0,3951949.39,-0.0
201,7,53,24.0,4019201.86,-0.0
201,7,62,24.0,4082027.71,-0.0
201,8,12,24.0,4125913.21,-0.0
201,8,23,24.0,4166780.15,-0.0
201,8,32,24.0,4204659.16,-0.0
201,8,42,24.0,4237731.92,-0.0
201,8,53,24.0,4268655.38,-0.0
201,8,62,24.0,4295541.24,-0.0
201,9,12,24.0,4316862.92,-0.0
201,9,23,24.0,4335611.17,-0.0
201,9,32,24.0,4353873.63,-0.0
201,9,42,24.0,4370075.01,-0.0
201,9,53,24.0,4384570.95,-0.0
201,9,62,24.0,4397646.77,-0.0
201,10,12,24.0,4405606.21,-0.0
201,10,23,24.0,4412676.78,-0.0
201,10,33,24.0,4418453.84,-0.0
201,10,43,24.0,4421350.11,-0.0
201,10,53,24.0,4423202.07,-0.0
201,10,63,24.0,4427856.86,-0.0
201,11,15,24.0,4244255.25,-0.0
201,11,25,24.0,4222166.41,-0.0
201,11,35,24.0,4205379.16,-0.0
201,11,40,24.0,4193379.89,-0.0
201,11,50,24.0,4182512.05,-0.0
201,11,60,24.0,4167759.5,-0.0
201,12,10,24.0,4322198.37,-0.0
201,12,20,24.0,4324609.46,-0.0
201,12,35,24.0,4318896.24,-0.0
201,12,40,24.0,4310713.65,-0.0
201,12,50,24.0,4298308.08,-0.0
201,12,60,24.0,4284091.26,-0.0
201,13,10,24.0,4288446.92,-0.0
201,13,20,24.0,4293675.26,-0.0
201,13,30,24.0,4302910.6,-0.0
201,13,40,24.0,4312171.83,-0.0
201,13,55,24.0,4319301.41,-0.0
201,13,65,24.0,4329763.77,-0.0
201,14,15,24.0,4333419.68,-0.0
201,14,25,24.0,4338187.41,-0.0
201,14,35,24.0,4344017.95,-0.0
201,14,45,24.0,4351080.21,-0.0
201,14,55,24.0,4359458.02,-0.0
201,14,65,24.0,4367876.72,-0.0
201,15,15,24.0,4369206.33,-0.0
201,15,25,24.0,4370748.24,-0.0
201,15,35,24.0,4372299.54,-0.0
201,15,45,24.0,4370476.67,-0.0
201,15,55,24.0,4367212.19,-0.0
201,15,65,24.0,4363001.16,-0.0
201,16,13,24.0,3875201.65,-0.0
201,16,23,24.0,3784088.13,-0.0
201,16,33,24.0,3712473.06,-0.0
201,16,43,24.0,3649765.81,-0.0
201,16,53,24.0,3592179.23,-0.0
201,16,63,24.0,3537418.91,-0.0
201,17,13,24.0,3359313.0,-0.0
201,17,23,24.0,3304310.85,-0.0
201,17,33,24.0,3259551.51,-0.0
201,17,43,24.0,3217043.84,-0.0
201,17,53,24.0,3176313.79,-0.0
201,17,63,24.0,3129484.19,-0.0
201,18,13,24.0,3068834.59,-0.0
201,18,23,24.0,3009702.92,-0.0
201,18,33,24.0,2952038.38,-0.0
201,18,43,24.0,2901388.2,-0.0
201,18,53,24.0,2849778.1,-0.0
201,18,63,24.0,2801201.31,-0.0
201,19,13,24.0,2734454.46,-0.0
201,19,23,24.0,2682464.64,-0.0
201,19,33,24.0,2645697.88,-0.0
201,19,43,24.0,2614786.88,-0.0
201,19,53,24.0,2586830.29,-0.0
201,19,65,24.0,2560558.19,-0.0
201,20,15,24.0,2529703.71,-0.0
201,20,25,24.0,2499684.27,-0.0
201,20,35,24.0,2471745.53,-0.0
201,20,45,24.0,2444846.9,-0.0
201,20,55,24.0,2418717.78,-0.0
201,20,65,24.0,2393127.77,0.0
201,21,13,24.44,0.0,0.22
201,21,25,24.82,0.0,0.41
201,21,35,24.96,0.0,0.48
201,21,45,25.03,0.0,0.52
201,21,55,25.07,0.0,0.53
201,21,65,25.09,0.0,0.54
201,22,15,25.09,0.0,0.54
201,22,25,25.09,0.0,0.55
201,22,35,25.09,0.0,0.55
201,22,40,25.09,0.0,0.55
201,22,50,25.09,0.0,0.55
201,22,60,25.09,0.0,0.54
201,23,10,25.0,0.0,0.5
201,23,20,24.96,0.0,0.48
201,23,30,24.93,0.0,0.47
201,23,40,24.92,0.0,0.46
201,23,50,24.91,0.0,0.45
201,23,60,24.9,0.0,0.45
202,0,10,24.89,0.0,0.45
202,0,20,24.88,0.0,0.44
202,0,30,24.87,0.0,0.43
202,0,40,24.85,0.0,0.43
202,0,50,24.84,0.0,0.42
202,0,60,24.83,0.0,0.41
202,1,10,24.81,0.0,0.41
202,1,20,24.8,0.0,0.4
202,1,30,24.79,0.0,0.39
202,1,40,24.77,0.0,0.39
202,1,50,24.76,0.0,0.38
202,1,60,24.74,0.0,0.37
202,2,10,24.73,0.0,0.36
202,2,20,24.71,0.0,0.36
202,2,30,24.7,0.0,0.35
202,2,40,24.68,0.0,0.34
202,2,50,24.66,0.0,0.33
202,2,60,24.65,0.0,0.32
202,3,10,24.63,0.0,0.31
202,3,20,24.61,0.0,0.31
202,3,30,24.6,0.0,0.3
202,3,40,24.58,0.0,0.29
202,3,50,24.56,0.0,0.28
202,3,60,24.54,0.0,0.27
202,4,10,24.53,0.0,0.27
202,4,20,24.53,0.0,0.26
202,4,30,24.52,0.0,0.26
202,4,40,24.52,0.0,0.26
202,4,50,24.52,0.0,0.26
202,4,60,24.52,0.0,0.26
202,5,13,24.02,2701633.66,0.01
202,5,20,24.0,2490914.01,-0.0
202,5,35,24.0,2453178.11,-0.0
202,5,45,24.0,2440973.84,-0.0
202,5,55,24.0,2431461.57,-0.0
202,5,63,24.0,2423382.2,-0.0
202,6,13,24.0,2257940.85,-0.0
202,6,23,24.0,2298287.09,-0.0
202,6,33,24.0,2340456.28,-0.0
202,6,43,24.0,2376882.16,-0.0
202,6,53,24.0,2412370.68,-0.0
202,6,63,24.0,2448735.22,-0.0
202,7,13,24.0,2618344.76,-0.0
202,7,23,24.0,2666133.74,-0.0
202,7,33,24.0,2706161.16,-0.0
202,7,42,24.0,2745148.64,-0.0
202,7,52,24.0,2782909.94,-0.0
202,7,62,24.0,2819756.83,-0.0
202,8,12,24.0,2844942.45,-0.0
202,8,22,24.0,2869410.31,-0.0
202,8,32,24.0,2891922.54,-0.0
202,8,42,24.0,2910745.02,-0.0
202,8,52,24.0,2928572.97,-0.0
202,8,62,24.0,2942827.77,-0.0
202,9,12,24.0,2965644.87,-0.0
202,9,23,24.0,2985806.17,-0.0
202,9,32,24.0,3007949.99,-0.0
202,9,42,24.0,3030736.33,-0.0
202,9,53,24.0,3051437.18,-0.0
202,9,62,24.0,3070550.28,-0.0
202,10,12,24.0,3058194.47,-0.0
202,10,23,24.0,3045863.29,-0.0
202,10,33,24.0,3033969.36,-0.0
202,10,43,24.0,3022459.57,-0.0
202,10,53,24.0,3012937.11,-0.0
202,10,65,24.0,3008096.48,-0.0
202,11,15,24.0,2869721.7,-0.0
202,11,25,24.0,2883623.91,-0.0
202,11,35,24.0,2907284.71,-0.0
202,11,45,24.0,2934656.73,-0.0
202,11,55,24.0,2964406.74,-0.0
202,11,65,24.0,2995832.03,-0.0
202,12,15,24.0,2995620.77,-0.0
202,12,25,24.0,2995941.93,-0.0
202,12,30,24.0,2996388.24,-0.0
202,12,40,24.0,2993437.5,-0.0
202,12,50,24.0,2989257.25,-0.0
202,12,60,24.0,2984259.81,-0.0
202,13,10,24.0,2983541.85,-0.0
202,13,25,24.0,2983959.33,-0.0
202,13,35,24.0,2985286.2,-0.0
202,13,45,24.0,2985838.77,-0.0
202,13,53,24.0,2983827.0,-0.0
202,13,62,24.0,2981545.88,-0.0
202,14,12,24.0,2932918.46,-0.0
202,14,23,24.0,2879408.19,-0.0
202,14,32,24.0,2825448.12,-0.0
202,14,42,24.0,2773504.57,-0.0
202,14,53,24.0,2722812.69,-0.0
202,14,62,24.0,2672127.77,-0.0
202,15,12,24.0,2649713.8,-0.0
202,15,23,24.0,2630433.85,-0.0
202,15,33,24.0,2610371.23,-0.0
202,15,43,24.0,2586458.4,-0.0
202,15,53,24.0,2561445.93,-0.0
202,15,63,24.0,2535783.92,-0.0
202,16,13,24.0,2413051.53,-0.0
202,16,23,24.0,2352539.94,0.0
202,16,33,24.0,2298297.8,0.0
202,16,43,24.0,2255971.72,0.0
202,16,53,24.0,2216804.12,0.0
202,16,63,24.0,2178633.64,0.0
202,17,13,24.21,0.0,0.1
202,17,23,24.38,0.0,0.19
202,17,33,24.46,0.0,0.23
202,17,45,24.51,0.0,0.26
202,17,55,24.54,0.0,0.27
202,17,65,24.56,0.0,0.28
202,18,15,24.59,0.0,0.29
202,18,25,24.62,0.0,0.31
202,18,35,24.65,0.0,0.32
202,18,45,24.68,0.0,0.34
202,18,55,24.72,0.0,0.36
202,18,65,24.75,0.0,0.37
202,19,15,24.77,0.0,0.39
202,19,25,24.78,0.0,0.39
202,19,35,24.78,0.0,0.39
202,19,45,24.78,0.0,0.39
202,19,55,24.78,0.0,0.39
202,19,65,24.77,0.0,0.39
202,20,15,24.77,0.0,0.39
202,20,25,24.77,0.0,0.38
202,20,30,24.76,0.0,0.38
202,20,40,24.76,0.0,0.38
202,20,50,24.75,0.0,0.38
202,20,60,24.75,0.0,0.37
202,21,10,24.75,0.0,0.37
202,21,20,24.74,0.0,0.37
202,21,30,24.74,0.0,0.37
202,21,40,24.74,0.0,0.37
202,21,50,24.74,0.0,0.37
202,21,60,24.75,0.0,0.37
202,22,10,24.75,0.0,0.37
202,22,20,24.75,0.0,0.37
202,22,30,24.75,0.0,0.37
202,22,40,24.75,0.0,0.37
202,22,50,24.75,0.0,0.37
202,22,60,24.75,0.0,0.37
202,23,10,24.73,0.0,0.37
202,23,20,24.71,0.0,0.36
202,23,30,24.69,0.0,0.35
202,23,40,24.66,0.0,0.33
202,23,50,24.64,0.0,0.32
202,23,60,24.61,0.0,0.3
203,0,10,24.58,0.0,0.29
203,0,20,24.56,0.0,0.28
203,0,30,24.55,0.0,0.27
203,0,40,24.53,0.0,0.26
203,0,50,24.51,0.0,0.26
203,0,60,24.5,0.0,0.25
203,1,10,24.48,0.0,0.24
203,1,20,24.47,0.0,0.23
203,1,30,24.45,0.0,0.23
203,1,40,24.44,0.0,0.22
203,1,50,24.42,0.0,0.21
203,1,60,24.41,0.0,0.2
203,2,10,24.4,0.0,0.2
203,2,20,24.39,0.0,0.19
203,2,30,24.38,0.0,0.19
203,2,40,24.37,0.0,0.18
203,2,50,24.36,0.0,0.18
203,2,60,24.35,0.0,0.18
203,3,10,24.34,0.0,0.17
203,3,20,24.34,0.0,0.17
203,3,30,24.33,0.0,0.16
203,3,40,24.32,0.0,0.16
203,3,50,24.31,0.0,0.16
203,3,60,24.3,0.0,0.15
203,4,10,24.29,0.0,0.14
203,4,20,24.27,0.0,0.14
203,4,30,24.26,0.0,0.13
203,4,40,24.24,0.0,0.12
203,4,50,24.23,0.0,0.11
203,4,60,24.21,0.0,0.11
203,5,10,24.22,0.0,0.11
203,5,20,24.23,0.0,0.12
203,5,35,24.25,0.0,0.12
203,5,45,24.27,0.0,0.13
203,5,55,24.29,0.0,0.15
203,5,63,24.32,0.0,0.16
203,6,13,24.36,0.0,0.18
203,6,23,24.41,0.0,0.21
203,6,33,24.47,0.0,0.24
203,6,42,24.54,0.0,0.27
203,6,52,24.6,0.0,0.3
203,6,62,24.66,0.0,0.33
203,7,12,24.71,333054.13,0.35
203,7,22,24.74,400302.01,0.37
203,7,32,24.77,405250.44,0.39
203,7,42,24.8,0.0,0.4
203,7,52,24.83,470743.51,0.41
203,7,62,24.86,430606.02,0.43
203,8,12,24.89,434284.35,0.44
203,8,22,24.91,0.0,0.46
203,8,32,24.94,489063.06,0.47
203,8,42,24.97,452364.24,0.49
203,8,52,25.0,450445.5,0.5
203,8,62,25.03,0.0,0.51
203,9,12,25.05,489613.52,0.53
203,9,22,25.08,445457.59,0.54
203,9,32,25.1,436798.01,0.55
203,9,42,25.12,0.0,0.56
203,9,53,25.15,453703.35,0.57
203,9,60,25.17,405382.86,0.59
203,10,10,25.18,389719.39,0.59
203,10,25,25.19,0.0,0.6
203,10,35,25.2,131401.78,0.6
203,10,45,25.21,417694.79,0.6
203,10,50,25.21,365513.37,0.61
203,10,65,25.22,0.0,0.61
203,11,10,25.23,0.0,0.61
203,11,25,25.24,0.0,0.62
203,11,35,25.25,0.0,0.62
203,11,43,25.26,0.0,0.63
203,11,55,25.28,0.0,0.64
203,11,65,25.29,396325.58,0.64
203,12,15,25.3,368442.61,0.65
203,12,25,25.32,366411.41,0.66
203,12,35,25.34,0.0,0.67
203,12,45,25.35,0.0,0.68
203,12,55,25.37,401011.97,0.68
203,12,60,25.39,371645.86,0.7
203,13,10,25.4,369008.05,0.7
203,13,25,25.4,0.0,0.7
203,13,30,25.41,0.0,0.71
203,13,45,25.42,401601.37,0.71
203,13,50,25.42,370306.21,0.71
203,13,60,25.43,368523.24,0.71
203,14,15,25.44,0.0,0.72
203,14,20,25.47,0.0,0.73
203,14,35,25.49,861916.96,0.74
203,14,45,25.51,800777.49,0.75
203,14,50,25.54,804895.06,0.77
203,14,63,25.56,0.0,0.78
203,15,15,25.57,629573.26,0.78
203,15,25,25.57,868182.63,0.78
203,15,35,25.57,807854.13,0.78
203,15,43,25.56,0.0,0.78
203,15,53,25.55,552861.96,0.78
203,15,63,25.54,836253.31,0.77
203,16,13,25.54,782888.37,0.77
203,16,23,25.54,0.0,0.77
203,16,33,25.55,452004.72,0.78
203,16,43,25.56,498182.67,0.78
203,16,53,25.57,819339.57,0.78
203,16,63,25.58,362567.21,0.79
203,17,13,25.58,428643.25,0.79
203,17,23,25.59,389343.98,0.79
203,17,33,25.59,379811.8,0.8
203,17,43,25.59,0.0,0.8
203,17,53,25.6,295725.83,0.8
203,17,63,25.6,370584.21,0.8
203,18,13,25.6,359452.58,0.8
203,18,23,25.6,0.0,0.8
203,18,33,25.6,0.0,0.8
203,18,43,25.6,0.0,0.8
203,18,53,25.6,0.0,0.8
203,18,63,25.6,0.0,0.8
203,19,13,25.6,0.0,0.8
203,19,23,25.59,0.0,0.8
203,19,33,25.59,0.0,0.79
203,19,43,25.58,0.0,0.79
203,19,53,25.58,0.0,0.79
203,19,65,25.57,0.0,0.78
203,20,15,25.56,0.0,0.78
203,20,25,25.55,0.0,0.77
203,20,35,25.53,0.0,0.77
203,20,45,25.52,0.0,0.76
203,20,55,25.5,0.0,0.75
203,20,65,25.48,0.0,0.74
203,21,15,25.47,0.0,0.73
203,21,25,25.45,0.0,0.72
203,21,35,25.42,0.0,0.71
203,21,45,25.4,0.0,0.7
203,21,55,25.38,0.0,0.69
203,21,65,25.35,0.0,0.68
203,22,15,25.33,0.0,0.67
203,22,25,25.31,0.0,0.66
203,22,35,25.29,0.0,0.65
203,22,45,25.28,0.0,0.64
203,22,55,25.26,0.0,0.63
203,22,65,25.24,0.0,0.62
203,23,15,25.27,0.0,0.63
203,23,25,25.29,0.0,0.64
203,23,35,25.28,0.0,0.64
203,23,45,25.27,0.0,0.63
203,23,55,25.25,0.0,0.62
203,23,65,25.22,0.0,0.61
204,0,10,25.2,0.0,0.6
204,0,20,25.18,0.0,0.59
204,0,30,25.17,0.0,0.58
204,0,40,25.15,0.0,0.58
204,0,50,25.14,0.0,0.57
204,0,60,25.12,0.0,0.56
204,1,10,25.1,0.0,0.55
204,1,20,25.08,0.0,0.54
204,1,30,25.06,0.0,0.53
204,1,40,25.04,0.0,0.52
204,1,50,25.01,0.0,0.51
204,1,60,24.99,0.0,0.5
204,2,10,24.98,0.0,0.49
204,2,20,24.96,0.0,0.48
204,2,30,24.95,0.0,0.48
204,2,40,24.94,0.0,0.47
204,2,50,24.93,0.0,0.47
204,2,60,24.93,0.0,0.46
204,3,10,24.91,0.0,0.46
204,3,20,24.9,0.0,0.45
204,3,30,24.88,0.0,0.44
204,3,40,24.87,0.0,0.43
204,3,50,24.85,0.0,0.42
204,3,60,24.83,0.0,0.42
204,4,10,24.83,0.0,0.42
204,4,20,24.83,0.0,0.41
204,4,30,24.82,0.0,0.41
204,4,40,24.82,0.0,0.41
204,4,50,24.81,0.0,0.4
204,4,60,24.8,0.0,0.4
204,5,13,24.03,2878758.47,0.01
204,5,25,24.0,2573455.06,0.0
204,5,35,24.0,2497355.9,0.0
204,5,45,24.0,2461738.95,-0.0
204,5,55,24.0,2436520.33,-0.0
204,5,63,24.0,2416388.07,-0.0
204,6,13,24.0,2346297.08,-0.0
204,6,23,24.0,2440693.28,-0.0
204,6,33,24.0,2534199.53,-0.0
204,6,42,24.0,2638966.6,-0.0
204,6,52,24.0,2743688.93,-0.0
204,6,62,24.0,2853509.04,-0.0
204,7,12,24.0,3529721.7,-0.0
204,7,22,24.0,3670096.49,-0.0
204,7,32,24.0,3771363.44,-0.0
204,7,42,24.0,3859165.91,-0.0
204,7,52,24.0,3938788.31,-0.0
204,7,62,24.0,4012939.36,-0.0
204,8,12,24.0,4061373.4,-0.0
204,8,22,24.0,4108305.42,-0.0
204,8,32,24.0,4147154.26,-0.0
204,8,42,24.0,4177291.17,-0.0
204,8,52,24.0,4206850.26,-0.0
204,8,62,24.0,4232158.13,-0.0
204,9,12,24.0,4249822.74,-0.0
204,9,23,24.0,4268733.37,-0.0
204,9,32,24.0,4286640.85,-0.0
204,9,43,24.0,4301997.6,-0.0
204,9,53,24.0,4314728.33,-0.0
204,9,63,24.0,4326335.1,-0.0
204,10,15,24.0,4322724.95,-0.0
204,10,25,24.0,4319764.65,-0.0
204,10,35,24.0,4317895.68,-0.0
204,10,45,24.0,4319423.96,-0.0
204,10,55,24.0,4322270.85,-0.0
204,10,65,24.0,4328606.17,-0.0
204,11,15,24.0,4182234.47,-0.0
204,11,23,24.0,4192556.44,-0.0
204,11,33,24.0,4209966.44,-0.0
204,11,43,24.0,4225407.86,-0.0
204,11,53,24.0,4240513.53,-0.0
204,11,63,24.0,4255458.94,-0.0
204,12,13,24.0,4431545.55,-0.0
204,12,25,24.0,4449032.82,-0.0
204,12,35,24.0,4464299.1,-0.0
204,12,45,24.0,4476333.08,-0.0
204,12,50,24.0,4487099.32,-0.0
204,12,60,24.0,4501211.32,-0.0
204,13,10,24.0,4530170.05,-0.0
204,13,25,24.0,4558956.71,-0.0
204,13,35,24.0,4588118.79,-0.0
204,13,45,24.0,4617379.67,-0.0
204,13,55,24.0,4646429.17,-0.0
204,13,65,24.0,4675248.18,-0.0
204,14,13,24.0,4661473.13,-0.0
204,14,23,24.0,4642143.86,-0.0
204,14,33,24.0,4622473.92,-0.0
204,14,43,24.0,4603826.61,-0.0
204,14,53,24.0,4584697.23,-0.0
204,14,63,24.0,4566413.47,-0.0
204,15,15,24.0,4585737.82,-0.0
204,15,25,24.0,4610908.71,-0.0
204,15,35,24.0,4631458.27,-0.0
204,15,45,24.0,4651630.74,-0.0
204,15,55,24.0,4671463.98,-0.0
204,15,65,24.0,4690867.63,-0.0
204,16,15,24.0,4179293.82,-0.0
204,16,25,24.0,4109341.38,-0.0
204,16,35,24.0,4067579.39,-0.0
204,16,45,24.0,4022633.82,-0.0
204,16,55,24.0,3971983.5,-0.0
204,16,63,24.0,3927952.61,-0.0
204,17,13,24.0,3717536.46,-0.0
204,17,23,24.0,3646077.72,-0.0
204,17,33,24.0,3580031.54,-0.0
204,17,43,24.0,3525160.53,-0.0
204,17,53,24.0,3474624.19,-0.0
204,17,63,24.0,3426021.82,-0.0
204,18,13,24.0,3368839.23,-0.0
204,18,23,24.0,3312443.23,-0.0
204,18,33,24.0,3256983.0,-0.0
204,18,43,24.0,3207213.52,-0.0
204,18,53,24.0,3158573.93,-0.0
204,18,63,24.0,3109266.61,-0.0
204,19,13,24.0,3037043.83,-0.0
204,19,23,24.0,2982557.33,-0.0
204,19,33,24.0,2944439.57,-0.0
204,19,43,24.0,2911920.35,-0.0
204,19,53,24.0,2882320.98,-0.0
204,19,65,24.0,2854307.73,-0.0
204,20,15,24.0,2828782.45,-0.0
204,20,25,24.0,2803527.6,-0.0
204,20,35,24.0,2780101.05,-0.0
204,20,45,24.0,2757486.98,-0.0
204,20,55,24.0,2735521.17,-0.0
204,20,65,24.0,2714090.5,-0.0
204,21,13,24.5,0.0,0.25
204,21,25,24.96,0.0,0.48
204,21,30,25.2,0.0,0.6
204,21,40,25.28,0.0,0.64
204,21,50,25.34,0.0,0.67
204,21,60,25.38,0.0,0.69
204,22,10,25.4,0.0,0.7
204,22,20,25.41,0.0,0.71
204,22,30,25.42,0.0,0.71
204,22,40,25.43,0.0,0.72
204,22,50,25.44,0.0,0.72
204,22,60,25.45,0.0,0.72
204,23,10,25.44,0.0,0.72
204,23,20,25.43,0.0,0.71
204,23,30,25.42,0.0,0.71
204,23,40,25.41,0.0,0.71
204,23,50,25.41,0.0,0.7
204,23,60,25.4,0.0,0.7
205,0,10,25.39,0.0,0.7
205,0,20,25.39,0.0,0.69
205,0,30,25.38,0.0,0.69
205,0,40,25.38,0.0,0.69
205,0,50,25.37,0.0,0.69
205,0,60,25.37,0.0,0.68
205,1,10,25.37,0.0,0.68
205,1,20,25.36,0.0,0.68
205,1,30,25.36,0.0,0.68
205,1,40,25.36,0.0,0.68
205,1,50,25.36,0.0,0.68
205,1,60,25.36,0.0,0.68
205,2,10,25.36,0.0,0.68
205,2,20,25.35,0.0,0.67
205,2,30,25.34,0.0,0.67
205,2,40,25.33,0.0,0.67
205,2,50,25.32,0.0,0.66
205,2,60,25.31,0.0,0.65
205,3,10,25.31,0.0,0.65
205,3,20,25.31,0.0,0.65
205,3,30,25.31,0.0,0.66
205,3,40,25.32,0.0,0.66
205,3,50,25.32,0.0,0.66
205,3,60,25.33,0.0,0.66
205,4,10,25.34,0.0,0.67
205,4,20,25.35,0.0,0.67
205,4,30,25.35,0.0,0.67
205,4,40,25.35,0.0,0.68
205,4,50,25.35,0.0,0.68
205,4,60,25.35,0.0,0.68
205,5,15,24.1,3540896.74,0.05
205,5,20,24.0,3008357.19,0.0
205,5,30,24.0,2859570.54,0.0
205,5,40,24.0,2780805.39,-0.0
205,5,55,24.0,2720926.91,-0.0
205,5,65,24.0,2686231.94,-0.0
205,6,15,24.0,2769592.47,-0.0
205,6,23,24.0,2812521.31,-0.0
205,6,33,24.0,2862242.14,-0.0
205,6,43,24.0,2905253.3,-0.0
205,6,53,24.0,2947215.94,-0.0
205,6,63,24.0,2991773.76,-0.0
205,7,13,24.0,3663988.35,-0.0
205,7,23,24.0,3789595.41,-0.0
205,7,33,24.0,3875529.56,-0.0
205,7,43,24.0,3950427.92,-0.0
205,7,53,24.0,4018535.24,-0.0
205,7,62,24.0,4082214.02,-0.0
205,8,12,24.0,4114790.62,-0.0
205,8,23,24.0,4144630.11,-0.0
205,8,33,24.0,4170935.94,-0.0
205,8,43,24.0,4185107.96,-0.0
205,8,55,24.0,4200312.76,-0.0
205,8,65,24.0,4212568.04,-0.0
205,9,15,24.0,4240265.96,-0.0
205,9,25,24.0,4269184.56,-0.0
205,9,30,24.0,4297403.39,-0.0
205,9,45,24.0,4331359.53,-0.0
205,9,55,24.0,4367090.46,-0.0
205,9,65,24.0,4402971.74,-0.0
205,10,15,24.0,4414173.79,-0.0
205,10,25,24.0,4425865.91,-0.0
205,10,35,24.0,4436577.19,-0.0
205,10,45,24.0,4447840.91,-0.0
205,10,53,24.0,4458732.91,-0.0
205,10,63,24.0,4469066.66,-0.0
205,11,13,24.0,4335197.69,-0.0
205,11,23,24.0,4378842.33,-0.0
205,11,32,24.0,4428261.26,-0.0
205,11,42,24.0,4474216.92,-0.0
205,11,53,24.0,4520207.48,-0.0
205,11,65,24.0,4566560.53,-0.0
205,12,15,24.0,4775187.37,-0.0
205,12,20,24.0,4806263.0,-0.0
205,12,30,24.0,4828243.25,-0.0
205,12,40,24.0,4850340.5,-0.0
205,12,50,24.0,4870842.36,-0.0
205,12,60,24.0,4889586.24,-0.0
205,13,10,24.0,4935008.57,-0.0
205,13,20,24.0,4982991.24,-0.0
205,13,30,24.0,5035319.91,-0.0
205,13,40,24.0,5086972.93,-0.0
205,13,50,24.0,5141195.18,-0.0
205,13,60,24.0,5197102.5,-0.0
205,14,10,24.0,5227129.02,-0.0
205,14,20,24.0,5254268.54,-0.0
205,14,30,24.0,5279259.29,-0.0
205,14,40,24.0,5297962.02,-0.0
205,14,50,24.0,5313912.69,-0.0
205,14,60,24.0,5330534.2,-0.0
205,15,10,24.0,5300823.81,-0.0
205,15,25,24.0,5266593.76,-0.0
205,15,35,24.0,5231749.08,-0.0
205,15,45,24.0,5195895.15,-0.0
205,15,55,24.0,5158983.5,-0.0
205,15,65,24.0,5121137.99,-0.0
205,16,15,24.0,4574611.07,-0.0
205,16,23,24.0,4511393.1,-0.0
205,16,33,24.0,4480668.99,-0.0
205,16,43,24.0,4453875.93,-0.0
205,16,53,24.0,4431252.32,-0.0
205,16,63,24.0,4411016.25,-0.0
205,17,13,24.0,4204047.32,-0.0
205,17,23,24.0,4151762.52,-0.0
205,17,33,24.0,4112914.37,-0.0
205,17,43,24.0,4075036.41,-0.0
205,17,53,24.0,4029622.65,-0.0
205,17,63,24.0,3988828.98,-0.0
205,18,13,24.0,3934765.28,-0.0
205,18,23,24.0,3880266.81,-0.0
205,18,33,24.0,3826220.14,-0.0
205,18,43,24.0,3779336.8,-0.0
205,18,53,24.0,3727637.11,-0.0
205,18,63,24.0,3679298.18,-0.0
205,19,13,24.0,3596327.93,-0.0
205,19,23,24.0,3533077.71,-0.0
205,19,35,24.0,3489699.94,-0.0
205,19,45,24.0,3455002.15,-0.0
205,19,55,24.0,3423716.5,-0.0
205,19,65,24.0,3395082.1,-0.0
205,20,15,24.0,3377360.03,-0.0
205,20,25,24.0,3358491.73,-0.0
205,20,30,24.0,3340192.5,-0.0
205,20,40,24.0,3321846.45,-0.0
205,20,50,24.0,3303493.07,-0.0
205,20,60,24.0,3285139.12,-0.0
205,21,12,24.56,0.0,0.28
205,21,25,25.15,0.0,0.57
205,21,30,25.41,0.0,0.7
205,21,40,25.49,0.0,0.75
205,21,50,25.55,0.0,0.78
205,21,60,25.6,0.0,0.8
205,22,10,25.62,0.0,0.81
205,22,20,25.63,0.0,0.82
205,22,30,25.65,0.0,0.82
205,22,40,25.66,0.0,0.83
205,22,50,25.67,0.0,0.84
205,22,60,25.68,0.0,0.84
205,23,10,25.68,0.0,0.84
205,23,20,25.69,0.0,0.84
205,23,30,25.7,0.0,0.85
205,23,40,25.71,0.0,0.85
205,23,50,25.72,0.0,0.86
205,23,60,25.73,0.0,0.86
206,0,10,25.73,0.0,0.86
206,0,20,25.73,0.0,0.86
206,0,30,25.72,0.0,0.86
206,0,40,25.72,0.0,0.86
206,0,50,25.71,0.0,0.86
206,0,65,25.71,0.0,0.85
206,1,10,25.7,0.0,0.85
206,1,20,25.7,0.0,0.85
206,1,30,25.71,0.0,0.85
206,1,40,25.71,0.0,0.85
206,1,50,25.71,0.0,0.86
206,1,60,25.71,0.0,0.86
206,2,10,25.7,0.0,0.85
206,2,20,25.68,0.0,0.84
206,2,30,25.65,0.0,0.83
206,2,40,25.63,0.0,0.81
206,2,50,25.6,0.0,0.8
206,2,60,25.57,0.0,0.78
206,3,10,25.55,0.0,0.78
206,3,20,25.54,0.0,0.77
206,3,30,25.54,0.0,0.77
206,3,40,25.53,0.0,0.77
206,3,50,25.53,0.0,0.76
206,3,60,25.52,0.0,0.76
206,4,10,25.52,0.0,0.76
206,4,20,25.52,0.0,0.76
206,4,30,25.51,0.0,0.75
206,4,40,25.49,0.0,0.75
206,4,50,25.48,0.0,0.74
206,4,60,25.46,0.0,0.73
206,5,15,24.11,4047937.77,0.05
206,5,20,24.0,3397494.25,0.0
206,5,30,24.0,3128436.5,-0.0
206,5,40,24.0,2960810.92,-0.0
206,5,50,24.0,2836873.82,-0.0
206,5,60,24.0,2741812.6,-0.0
206,6,10,24.0,2671288.73,-0.0
206,6,20,24.0,2651234.12,-0.0
206,6,30,24.0,2630619.54,-0.0
206,6,40,24.0,2617870.94,-0.0
206,6,50,24.0,2609896.62,-0.0
206,6,60,24.0,2607778.0,-0.0
206,7,15,24.0,3251975.37,-0.0
206,7,25,24.0,3348451.92,-0.0
206,7,35,24.0,3404927.18,-0.0
206,7,45,24.0,3460548.64,-0.0
206,7,53,24.0,3517064.5,-0.0
206,7,63,24.0,3571219.3,-0.0
206,8,12,24.0,3643996.72,-0.0
206,8,23,24.0,3721872.71,-0.0
206,8,32,24.0,3796483.6,-0.0
206,8,42,24.0,3853540.92,-0.0
206,8,53,24.0,3909199.32,-0.0
206,8,63,24.0,3964130.16,-0.0
206,9,15,24.0,3943392.71,-0.0
206,9,20,24.0,3924190.02,-0.0
206,9,30,24.0,3903609.55,-0.0
206,9,40,24.0,3884863.31,-0.0
206,9,50,24.0,3865962.78,-0.0
206,9,60,24.0,3845635.84,-0.0
206,10,10,24.0,3870992.32,-0.0
206,10,20,24.0,3897448.07,-0.0
206,10,30,24.0,3923665.26,-0.0
206,10,40,24.0,3950314.72,-0.0
206,10,55,24.0,3976600.08,-0.0
206,10,65,24.0,4008308.61,-0.0
206,11,15,24.0,3874080.71,-0.0
206,11,25,24.0,3910307.19,-0.0
206,11,35,24.0,3951571.93,-0.0
206,11,45,24.0,3993513.46,-0.0
206,11,53,24.0,4039419.69,-0.0
206,11,63,24.0,4089599.55,-0.0
206,12,12,24.0,4318413.37,-0.0
206,12,23,24.0,4377295.75,-0.0
206,12,32,24.0,4433443.49,-0.0
206,12,42,24.0,4484490.51,-0.0
206,12,53,24.0,4534944.91,-0.0
206,12,62,24.0,4584422.76,-0.0
206,13,12,24.0,4630759.35,-0.0
206,13,23,24.0,4675976.43,-0.0
206,13,32,24.0,4722611.44,-0.0
206,13,43,24.0,4762484.23,-0.0
206,13,55,24.0,4800435.1,-0.0
206,13,60,24.0,4835755.71,-0.0
206,14,10,24.0,4802392.59,-0.0
206,14,20,24.0,4764109.91,-0.0
206,14,35,24.0,4720720.6,-0.0
206,14,45,24.0,4692681.11,-0.0
206,14,50,24.0,4670803.91,-0.0
206,14,60,24.0,4647369.98,-0.0
206,15,10,24.0,4652115.35,-0.0
206,15,20,24.0,4655077.21,-0.0
206,15,30,24.0,4656179.76,-0.0
206,15,40,24.0,4650534.47,-0.0
206,15,55,24.0,4640846.53,-0.0
206,15,65,24.0,4633402.11,-0.0
206,16,13,24.0,4084330.24,-0.0
206,16,23,24.0,3987869.2,-0.0
206,16,33,24.0,3920558.69,-0.0
206,16,43,24.0,3858772.57,-0.0
206,16,53,24.0,3801604.98,-0.0
206,16,63,24.0,3746354.43,-0.0
206,17,13,24.0,3522492.35,-0.0
206,17,23,24.0,3441034.11,-0.0
206,17,33,24.0,3372928.28,-0.0
206,17,43,24.0,3301393.8,-0.0
206,17,53,24.0,3224738.5,-0.0
206,17,63,24.0,3149688.09,-0.0
206,18,13,24.0,3084430.57,-0.0
206,18,23,24.0,3011403.68,-0.0
206,18,33,24.0,2943863.54,-0.0
206,18,43,24.0,2884655.86,-0.0
206,18,53,24.0,2826286.57,-0.0
206,18,63,24.0,2767517.06,-0.0
206,19,13,24.0,2695703.06,-0.0
206,19,23,24.0,2642079.67,-0.0
206,19,33,24.0,2606860.21,-0.0
206,19,43,24.0,2579082.15,-0.0
206,19,55,24.0,2554794.11,-0.0
206,19,65,24.0,2533860.61,-0.0
206,20,15,24.0,2509914.36,-0.0
206,20,25,24.0,2485755.25,-0.0
206,20,35,24.0,2462869.28,-0.0
206,20,45,24.0,2440354.73,-0.0
206,20,55,24.0,2418158.73,-0.0
206,20,65,24.0,2396230.41,-0.0
206,21,13,24.4,0.0,0.2
206,21,25,24.76,0.0,0.38
206,21,30,24.94,0.0,0.47
206,21,40,25.01,0.0,0.5
206,21,50,25.05,0.0,0.52
206,21,60,25.07,0.0,0.54
206,22,10,25.07,0.0,0.54
206,22,20,25.07,0.0,0.54
206,22,30,25.07,0.0,0.53
206,22,40,25.06,0.0,0.53
206,22,50,25.05,0.0,0.53
206,22,60,25.04,0.0,0.52
206,23,10,25.02,0.0,0.51
206,23,20,25.0,0.0,0.5
206,23,30,24.99,0.0,0.5
206,23,40,24.98,0.0,0.49
206,23,50,24.97,0.0,0.49
206,23,60,24.96,0.0,0.48
207,0,10,24.96,0.0,0.48
207,0,20,24.95,0.0,0.48
207,0,30,24.95,0.0,0.47
207,0,40,24.95,0.0,0.47
207,0,50,24.94,0.0,0.47
207,0,60,24.94,0.0,0.47
207,1,10,24.93,0.0,0.47
207,1,20,24.92,0.0,0.46
207,1,30,24.91,0.0,0.45
207,1,40,24.9,0.0,0.45
207,1,50,24.88,0.0,0.44
207,1,60,24.87,0.0,0.43
207,2,10,24.85,0.0,0.42
207,2,20,24.82,0.0,0.41
207,2,30,24.8,0.0,0.4
207,2,40,24.78,0.0,0.39
207,2,50,24.75,0.0,0.38
207,2,60,24.73,0.0,0.37
207,3,10,24.72,0.0,0.36
207,3,20,24.71,0.0,0.36
207,3,30,24.71,0.0,0.36
207,3,40,24.71,0.0,0.36
207,3,50,24.71,0.0,0.35
207,3,60,24.71,0.0,0.35
207,4,10,24.72,0.0,0.36
207,4,20,24.72,0.0,0.36
207,4,30,24.72,0.0,0.36
207,4,40,24.72,0.0,0.36
207,4,50,24.71,0.0,0.36
207,4,60,24.71,0.0,0.36
207,5,13,24.02,2769315.33,0.01
207,5,25,24.0,2522698.34,0.0
207,5,35,24.0,2480250.18,0.0
207,5,45,24.0,2454568.67,-0.0
207,5,53,24.0,2434014.64,-0.0
207,5,63,24.0,2422947.28,-0.0
207,6,13,24.0,2359595.5,-0.0
207,6,23,24.0,2401627.02,-0.0
207,6,33,24.0,2438981.22,-0.0
207,6,43,24.0,2467461.98,-0.0
207,6,53,24.0,2486856.25,-0.0
207,6,63,24.0,2510156.61,-0.0
207,7,13,24.0,3105656.03,-0.0
207,7,23,24.0,3176554.75,-0.0
207,7,35,24.0,3207635.8,-0.0
207,7,45,24.0,3249356.82,-0.0
207,7,53,24.0,3286049.49,-0.0
207,7,63,24.0,3325503.49,-0.0
207,8,13,24.0,3371012.06,-0.0
207,8,23,24.0,3419462.22,-0.0
207,8,32,24.0,3463735.44,-0.0
207,8,42,24.0,3503006.15,-0.0
207,8,52,24.0,3543932.03,-0.0
207,8,62,24.0,3578889.31,-0.0
207,9,12,24.0,3623143.34,-0.0
207,9,22,24.0,3667269.09,-0.0
207,9,32,24.0,3710366.0,-0.0
207,9,42,24.0,3746865.17,-0.0
207,9,52,24.0,3781438.91,-0.0
207,9,62,24.0,3815310.4,-0.0
207,10,12,24.0,3827022.41,-0.0
207,10,23,24.0,3839779.18,-0.0
207,10,33,24.0,3851455.29,-0.0
207,10,45,24.0,3860124.47,-0.0
207,10,55,24.0,3867841.71,-0.0
207,10,65,24.0,3877913.91,-0.0
207,11,10,24.0,3719585.89,-0.0
207,11,20,24.0,3721873.38,-0.0
207,11,30,24.0,3731870.64,-0.0
207,11,40,24.0,3743485.94,-0.0
207,11,55,24.0,3759003.53,-0.0
207,11,65,24.0,3776665.01,-0.0
207,12,13,24.0,3972147.13,-0.0
207,12,23,24.0,4002761.57,-0.0
207,12,33,24.0,4027265.23,-0.0
207,12,43,24.0,4045510.38,-0.0
207,12,55,24.0,4062392.21,-0.0
207,12,60,24.0,4077696.2,-0.0
207,13,10,24.0,4079374.4,-0.0
207,13,20,24.0,4080959.02,-0.0
207,13,30,24.0,4083970.88,-0.0
207,13,40,24.0,4086517.66,-0.0
207,13,50,24.0,4088978.94,-0.0
207,13,60,24.0,4091391.89,-0.0
207,14,15,24.0,4066260.89,-0.0
207,14,25,24.0,4043093.23,-0.0
207,14,35,24.0,4019024.66,-0.0
207,14,45,24.0,3989253.67,-0.0
207,14,55,24.0,3957424.23,-0.0
207,14,63,24.0,3924300.72,-0.0
207,15,13,24.0,3921474.79,-0.0
207,15,23,24.0,3923816.51,-0.0
207,15,33,24.0,3923462.27,-0.0
207,15,43,24.0,3924412.46,-0.0
207,15,53,24.0,3925639.02,-0.0
207,15,63,24.0,3926606.0,-0.0
207,16,13,24.0,3453524.58,-0.0
207,16,23,24.0,3378660.3,-0.0
207,16,33,24.0,3327420.35,-0.0
207,16,43,24.0,3300481.41,-0.0
207,16,53,24.0,3278881.09,-0.0
207,16,63,24.0,3261115.48,-0.0
207,17,13,24.0,3101072.42,-0.0
207,17,23,24.0,3076235.64,-0.0
207,17,33,24.0,3059410.34,-0.0
207,17,43,24.0,3032979.26,-0.0
207,17,53,24.0,3004570.89,-0.0
207,17,63,24.0,2973199.34,-0.0
207,18,13,24.0,2928373.68,-0.0
207,18,23,24.0,2875026.83,-0.0
207,18,33,24.0,2825968.65,-0.0
207,18,43,24.0,2782779.41,-0.0
207,18,53,24.0,2738675.43,-0.0
207,18,63,24.0,2693332.69,-0.0
207,19,13,24.0,2618645.61,-0.0
207,19,23,24.0,2557690.1,-0.0
207,19,33,24.0,2517119.23,-0.0
207,19,43,24.0,2484648.71,0.0
207,19,53,24.0,2456518.19,0.0
207,19,63,24.0,2431522.54,0.0
207,20,15,24.0,2419535.66,0.0
207,20,25,24.0,2408888.08,0.0
207,20,35,24.0,2399093.58,0.0
207,20,45,24.0,2389640.96,0.0
207,20,55,24.0,2380371.05,-0.0
207,20,65,24.0,2371125.25,-0.0
207,21,13,24.39,0.0,0.2
207,21,25,24.74,0.0,0.37
207,21,30,24.92,0.0,0.46
207,21,40,24.99,0.0,0.49
207,21,50,25.03,0.0,0.51
207,21,60,25.05,0.0,0.53
207,22,15,25.05,0.0,0.53
207,22,25,25.04,0.0,0.52
207,22,35,25.03,0.0,0.52
207,22,45,25.02,0.0,0.51
207,22,55,25.0,0.0,0.5
207,22,65,24.99,0.0,0.49
207,23,15,24.96,0.0,0.48
207,23,25,24.95,0.0,0.47
207,23,35,24.94,0.0,0.47
207,23,45,24.94,0.0,0.47
207,23,50,24.94,0.0,0.47
207,23,60,24.94,0.0,0.47
208,0,10,24.94,0.0,0.47
208,0,20,24.93,0.0,0.47
208,0,30,24.93,0.0,0.47
208,0,40,24.93,0.0,0.47
208,0,50,24.93,0.0,0.47
208,0,60,24.93,0.0,0.46
208,1,10,24.91,0.0,0.46
208,1,20,24.89,0.0,0.44
208,1,30,24.86,0.0,0.43
208,1,40,24.83,0.0,0.42
208,1,50,24.8,0.0,0.4
208,1,60,24.77,0.0,0.38
208,2,10,24.75,0.0,0.37
208,2,20,24.74,0.0,0.37
208,2,30,24.73,0.0,0.36
208,2,40,24.72,0.0,0.36
208,2,50,24.71,0.0,0.35
208,2,60,24.7,0.0,0.35
208,3,10,24.7,0.0,0.35
208,3,20,24.7,0.0,0.35
208,3,30,24.7,0.0,0.35
208,3,40,24.7,0.0,0.35
208,3,50,24.7,0.0,0.35
208,3,60,24.7,0.0,0.35
208,4,10,24.69,0.0,0.35
208,4,20,24.68,0.0,0.34
208,4,30,24.66,0.0,0.33
208,4,40,24.63,0.0,0.31
208,4,50,24.6,0.0,0.3
208,4,60,24.58,0.0,0.29
208,5,13,24.02,2632961.25,0.01
208,5,25,24.0,2416972.29,0.0
208,5,35,24.0,2388309.25,0.0
208,5,43,24.0,2377999.35,-0.0
208,5,53,24.0,2380663.6,-0.0
208,5,63,24.0,2386895.16,-0.0
208,6,13,24.0,2354100.83,-0.0
208,6,23,24.0,2429852.61,-0.0
208,6,33,24.0,2498652.95,-0.0
208,6,43,24.0,2561806.04,-0.0
208,6,52,24.0,2623755.92,-0.0
208,6,62,24.0,2687361.03,-0.0
208,7,12,24.0,3355743.98,-0.0
208,7,22,24.0,3480239.62,-0.0
208,7,32,24.0,3564313.95,-0.0
208,7,42,24.0,3637709.65,-0.0
208,7,52,24.0,3703198.71,-0.0
208,7,62,24.0,3762743.95,-0.0
208,8,12,24.0,3794756.95,-0.0
208,8,22,24.0,3823239.07,-0.0
208,8,32,24.0,3848699.14,-0.0
208,8,42,24.0,3869741.26,-0.0
208,8,53,24.0,3888770.35,-0.0
208,8,62,24.0,3902719.21,-0.0
208,9,12,24.0,3929456.93,-0.0
208,9,23,24.0,3958685.96,-0.0
208,9,32,24.0,3987196.87,-0.0
208,9,42,24.0,4014472.68,-0.0
208,9,53,24.0,4041083.44,-0.0
208,9,63,24.0,4067640.18,-0.0
208,10,13,24.0,4070822.31,-0.0
208,10,23,24.0,4073809.1,-0.0
208,10,33,24.0,4075279.72,-0.0
208,10,43,24.0,4075088.84,-0.0
208,10,53,24.0,4074452.81,-0.0
208,10,63,24.0,4076867.43,-0.0
208,11,13,24.0,3930940.31,-0.0
208,11,23,24.0,3946933.7,-0.0
208,11,33,24.0,3968728.27,-0.0
208,11,45,24.0,3994074.11,-0.0
208,11,55,24.0,4021124.64,-0.0
208,11,65,24.0,4050165.92,-0.0
208,12,15,24.0,4234846.93,-0.0
208,12,25,24.0,4259068.2,-0.0
208,12,30,24.0,4277912.89,-0.0
208,12,40,24.0,4292247.07,-0.0
208,12,50,24.0,4303840.45,-0.0
208,12,60,24.0,4312881.41,-0.0
208,13,10,24.0,4333087.5,-0.0
208,13,20,24.0,4354821.16,-0.0
208,13,35,24.0,4377910.56,-0.0
208,13,45,24.0,4401809.0,-0.0
208,13,55,24.0,4425420.64,-0.0
208,13,65,24.0,4449035.34,-0.0
208,14,15,24.0,4477294.18,-0.0
208,14,25,24.0,4505950.21,-0.0
208,14,35,24.0,4535048.69,-0.0
208,14,45,24.0,4563698.44,-0.0
208,14,55,24.0,4592362.89,-0.0
208,14,65,24.0,4623047.19,-0.0
208,15,15,24.0,4635692.87,-0.0
208,15,25,24.0,4650235.75,-0.0
208,15,35,24.0,4664122.71,-0.0
208,15,45,24.0,4677458.94,-0.0
208,15,53,24.0,4690506.28,-0.0
208,15,63,24.0,4702510.35,-0.0
208,16,13,24.0,4181336.92,-0.0
208,16,23,24.0,4098435.47,-0.0
208,16,33,24.0,4043741.67,-0.0
208,16,43,24.0,3995915.86,-0.0
208,16,53,24.0,3953020.67,-0.0
208,16,63,24.0,3912812.17,-0.0
208,17,13,24.0,3727022.52,-0.0
208,17,23,24.0,3674708.98,-0.0
208,17,33,24.0,3634735.0,-0.0
208,17,43,24.0,3590350.85,-0.0
208,17,53,24.0,3545534.49,-0.0
208,17,63,24.0,3490547.97,-0.0
208,18,13,24.0,3453283.83,-0.0
208,18,23,24.0,3415296.29,-0.0
208,18,33,24.0,3370443.79,-0.0
208,18,43,24.0,3341512.11,-0.0
208,18,53,24.0,3316088.95,-0.0
208,18,63,24.0,3292050.69,-0.0
208,19,13,24.0,3210081.16,-0.0
208,19,23,24.0,3147162.95,-0.0
208,19,33,24.0,3099958.3,-0.0
208,19,43,24.0,3058361.61,-0.0
208,19,55,24.0,3018590.17,-0.0
208,19,65,24.0,2981796.57,-0.0
208,20,15,24.0,2970452.11,-0.0
208,20,25,24.0,2959611.16,-0.0
208,20,35,24.0,2950500.61,-0.0
208,20,40,24.0,2941642.04,-0.0
208,20,50,24.0,2933565.04,-0.0
208,20,60,24.0,2925892.2,-0.0
208,21,12,24.52,0.0,0.26
208,21,25,25.06,0.0,0.53
208,21,30,25.3,0.0,0.65
208,21,40,25.38,0.0,0.69
208,21,50,25.43,0.0,0.71
208,21,60,25.46,0.0,0.73
208,22,10,25.48,0.0,0.74
208,22,20,25.5,0.0,0.75
208,22,30,25.51,0.0,0.76
208,22,40,25.53,0.0,0.76
208,22,50,25.54,0.0,0.77
208,22,60,25.55,0.0,0.78
208,23,10,25.48,0.0,0.74
208,23,20,25.44,0.0,0.72
208,23,30,25.43,0.0,0.71
208,23,40,25.42,0.0,0.71
208,23,50,25.41,0.0,0.71
208,23,60,25.4,0.0,0.7
209,0,10,25.36,0.0,0.68
209,0,25,25.31,0.0,0.65
209,0,35,25.23,0.0,0.62
209,0,45,25.15,0.0,0.58
209,0,55,25.06,0.0,0.53
209,0,65,24.96,0.0,0.48
209,1,15,24.9,0.0,0.45
209,1,25,24.87,0.0,0.44
209,1,35,24.85,0.0,0.42
209,1,45,24.83,0.0,0.42
209,1,55,24.82,0.0,0.41
209,1,65,24.8,0.0,0.4
209,2,15,24.79,0.0,0.4
209,2,20,24.78,0.0,0.39
209,2,30,24.77,0.0,0.38
209,2,40,24.76,0.0,0.38
209,2,50,24.75,0.0,0.37
209,2,60,24.74,0.0,0.37
209,3,10,24.73,0.0,0.36
209,3,20,24.72,0.0,0.36
209,3,30,24.71,0.0,0.35
209,3,40,24.7,0.0,0.35
209,3,50,24.69,0.0,0.35
209,3,60,24.68,0.0,0.34
209,4,10,24.68,0.0,0.34
209,4,20,24.68,0.0,0.34
209,4,30,24.68,0.0,0.34
209,4,40,24.68,0.0,0.34
209,4,50,24.67,0.0,0.34
209,4,60,24.67,0.0,0.34
209,5,13,24.02,2886472.48,0.01
209,5,20,24.0,2577986.37,-0.0
209,5,30,24.0,2497018.98,-0.0
209,5,40,24.0,2464112.58,-0.0
209,5,50,24.0,2443929.79,-0.0
209,5,65,24.0,2434168.16,-0.0
209,6,15,24.0,2293567.69,-0.0
209,6,23,24.0,2342388.03,-0.0
209,6,33,24.0,2394938.0,-0.0
209,6,43,24.0,2432783.82,-0.0
209,6,53,24.0,2459931.68,-0.0
209,6,63,24.0,2490353.93,-0.0
209,7,13,24.0,2669948.5,-0.0
209,7,23,24.0,2714118.85,-0.0
209,7,33,24.0,2753422.63,-0.0
209,7,43,24.0,2791888.51,-0.0
209,7,53,24.0,2824898.92,-0.0
209,7,63,24.0,2861358.27,-0.0
209,8,15,24.0,2875711.73,-0.0
209,8,25,24.0,2891192.71,-0.0
209,8,35,24.0,2903630.8,-0.0
209,8,45,24.0,2925076.81,-0.0
209,8,55,24.0,2951467.59,-0.0
209,8,65,24.0,2977374.16,-0.0
209,9,13,24.0,3036725.35,-0.0
209,9,23,24.0,3096417.25,-0.0
209,9,33,24.0,3160313.33,-0.0
209,9,43,24.0,3221432.81,-0.0
209,9,53,24.0,3281423.31,-0.0
209,9,62,24.0,3341532.03,-0.0
209,10,12,24.0,3381623.49,-0.0
209,10,23,24.0,3420177.89,-0.0
209,10,33,24.0,3456910.45,-0.0
209,10,43,24.0,3502264.78,-0.0
209,10,53,24.0,3549569.78,-0.0
209,10,63,24.0,3599131.22,-0.0
209,11,13,24.0,3439869.48,-0.0
209,11,23,24.0,3460471.43,-0.0
209,11,32,24.0,3490553.15,-0.0
209,11,42,24.0,3509552.61,-0.0
209,11,53,24.0,3525956.69,-0.0
209,11,63,24.0,3540674.4,-0.0
209,12,15,24.0,3544359.83,-0.0
209,12,25,24.0,3550465.3,-0.0
209,12,35,24.0,3557785.66,-0.0
209,12,40,24.0,3561007.71,-0.0
209,12,50,24.0,3560990.63,-0.0
209,12,65,24.0,3560309.85,-0.0
209,13,15,24.0,3548905.0,-0.0
209,13,23,24.0,3532288.05,-0.0
209,13,33,24.0,3513734.81,-0.0
209,13,43,24.0,3508040.66,-0.0
209,13,55,24.0,3506778.44,-0.0
209,13,60,24.0,3507519.92,-0.0
209,14,10,24.0,3500999.27,-0.0
209,14,20,24.0,3497188.05,-0.0
209,14,30,24.0,3495993.87,-0.0
209,14,40,24.0,3488001.73,-0.0
209,14,50,24.0,3478679.88,-0.0
209,14,60,24.0,3470966.81,-0.0
209,15,10,24.0,3406323.41,-0.0
209,15,20,24.0,3341093.22,-0.0
209,15,35,24.0,3275638.08,-0.0
209,15,45,24.0,3213817.23,-0.0
209,15,55,24.0,3147089.11,-0.0
209,15,63,24.0,3078861.86,-0.0
209,16,13,24.0,3004382.0,-0.0
209,16,23,24.0,3001391.77,-0.0
209,16,33,24.0,3003271.14,-0.0
209,16,43,24.0,3003931.87,-0.0
209,16,53,24.0,3004083.96,-0.0
209,16,63,24.0,3003153.01,-0.0
209,17,12,24.34,0.0,0.17
209,17,23,24.69,0.0,0.35
209,17,33,24.85,0.0,0.42
209,17,43,24.92,0.0,0.46
209,17,53,24.97,0.0,0.48
209,17,63,25.0,0.0,0.5
209,18,13,25.02,0.0,0.51
209,18,23,25.04,0.0,0.52
209,18,33,25.06,0.0,0.53
209,18,43,25.07,0.0,0.54
209,18,53,25.08,0.0,0.54
209,18,63,25.09,0.0,0.54
209,19,13,25.08,0.0,0.54
209,19,23,25.06,0.0,0.53
209,19,33,25.04,0.0,0.52
209,19,43,25.0,0.0,0.5
209,19,53,24.96,0.0,0.48
209,19,63,24.93,0.0,0.46
209,20,15,24.9,0.0,0.45
209,20,25,24.88,0.0,0.44
209,20,35,24.87,0.0,0.43
209,20,45,24.86,0.0,0.43
209,20,55,24.85,0.0,0.42
209,20,65,24.84,0.0,0.42
209,21,15,24.83,0.0,0.41
209,21,25,24.82,0.0,0.41
209,21,35,24.81,0.0,0.4
209,21,45,24.8,0.0,0.4
209,21,50,24.78,0.0,0.39
209,21,60,24.77,0.0,0.39
209,22,10,24.76,0.0,0.38
209,22,20,24.73,0.0,0.37
209,22,30,24.71,0.0,0.35
209,22,40,24.68,0.0,0.34
209,22,50,24.65,0.0,0.32
209,22,60,24.62,0.0,0.31
209,23,10,24.6,0.0,0.3
209,23,20,24.59,0.0,0.29
209,23,30,24.58,0.0,0.29
209,23,40,24.57,0.0,0.29
209,23,50,24.57,0.0,0.28
209,23,60,24.56,0.0,0.28
210,0,10,24.56,0.0,0.28
210,0,20,24.56,0.0,0.28
210,0,30,24.57,0.0,0.28
210,0,40,24.57,0.0,0.29
210,0,50,24.58,0.0,0.29
210,0,60,24.58,0.0,0.29
210,1,10,24.58,0.0,0.29
210,1,20,24.58,0.0,0.29
210,1,30,24.58,0.0,0.29
210,1,40,24.57,0.0,0.29
210,1,50,24.57,0.0,0.29
210,1,60,24.57,0.0,0.28
210,2,10,24.56,0.0,0.28
210,2,20,24.56,0.0,0.28
210,2,30,24.55,0.0,0.28
210,2,40,24.55,0.0,0.27
210,2,50,24.54,0.0,0.27
210,2,60,24.54,0.0,0.27
210,3,10,24.53,0.0,0.27
210,3,20,24.53,0.0,0.26
210,3,30,24.52,0.0,0.26
210,3,40,24.52,0.0,0.26
210,3,50,24.51,0.0,0.25
210,3,60,24.5,0.0,0.25
210,4,10,24.5,0.0,0.25
210,4,20,24.49,0.0,0.25
210,4,30,24.49,0.0,0.24
210,4,40,24.48,0.0,0.24
210,4,50,24.47,0.0,0.24
210,4,60,24.47,0.0,0.23
210,5,10,24.47,0.0,0.24
210,5,20,24.49,0.0,0.24
210,5,30,24.5,0.0,0.25
210,5,40,24.52,0.0,0.26
210,5,55,24.54,0.0,0.27
210,5,65,24.57,0.0,0.29
210,6,15,24.6,0.0,0.3
210,6,25,24.63,0.0,0.32
210,6,33,24.66,0.0,0.33
210,6,43,24.69,0.0,0.35
210,6,53,24.72,0.0,0.36
210,6,63,24.75,83534.78,0.37
210,7,13,24.77,437110.6,0.38
210,7,23,24.79,392962.08,0.39
210,7,33,24.8,0.0,0.4
210,7,43,24.82,448587.16,0.41
210,7,53,24.84,413935.38,0.42
210,7,62,24.85,416237.24,0.43
210,8,12,24.87,0.0,0.44
210,8,23,24.89,454169.21,0.45
210,8,32,24.91,432224.74,0.45
210,8,42,24.93,425156.26,0.46
210,8,53,24.95,0.0,0.47
210,8,62,24.97,445875.23,0.48
210,9,13,24.98,403823.94,0.49
210,9,23,25.0,390689.67,0.5
210,9,33,25.01,0.0,0.5
210,9,43,25.02,406542.45,0.51
210,9,53,25.03,379019.18,0.52
210,9,62,25.04,373943.55,0.52
210,10,12,25.06,0.0,0.53
210,10,23,25.07,291163.47,0.54
210,10,32,25.09,364622.76,0.54
210,10,42,25.11,351794.11,0.55
210,10,53,25.13,0.0,0.56
210,10,63,25.14,0.0,0.57
210,11,13,25.16,0.0,0.58
210,11,23,25.17,0.0,0.59
210,11,33,25.19,0.0,0.59
210,11,43,25.2,0.0,0.6
210,11,53,25.22,0.0,0.61
210,11,63,25.23,0.0,0.62
210,12,13,25.25,0.0,0.62
210,12,25,25.27,0.0,0.63
210,12,35,25.28,0.0,0.64
210,12,45,25.3,0.0,0.65
210,12,55,25.31,0.0,0.66
210,12,65,25.33,0.0,0.66
210,13,10,25.35,0.0,0.67
210,13,20,25.36,0.0,0.68
210,13,30,25.38,0.0,0.69
210,13,40,25.39,0.0,0.7
210,13,50,25.41,0.0,0.71
210,13,60,25.43,0.0,0.72
210,14,15,25.44,435960.49,0.72
210,14,20,25.46,404874.01,0.73
210,14,35,25.47,413210.73,0.73
210,14,43,25.48,0.0,0.74
210,14,53,25.49,492272.65,0.75
210,14,63,25.51,452823.7,0.75
210,15,13,25.52,457899.71,0.76
210,15,23,25.53,0.0,0.76
210,15,33,25.53,516950.61,0.77
210,15,43,25.54,482808.89,0.77
210,15,53,25.55,482114.9,0.77
210,15,62,25.55,0.0,0.78
210,16,13,25.56,524666.99,0.78
210,16,23,25.56,497832.98,0.78
210,16,33,25.57,492960.17,0.79
210,16,42,25.58,0.0,0.79
210,16,53,25.58,530696.63,0.79
210,16,63,25.59,491392.13,0.79
210,17,13,25.59,479605.22,0.8
210,17,22,25.6,0.0,0.8
210,17,33,25.6,505620.9,0.8
210,17,43,25.61,464618.13,0.8
210,17,53,25.61,449479.94,0.81
210,17,63,25.62,0.0,0.81
210,18,13,25.61,453579.82,0.81
210,18,23,25.61,410215.23,0.8
210,18,33,25.59,391314.14,0.8
210,18,43,25.57,0.0,0.79
210,18,53,25.55,386841.24,0.78
210,18,63,25.53,355563.32,0.76
210,19,13,25.5,336109.18,0.75
210,19,23,25.48,0.0,0.74
210,19,33,25.46,0.0,0.73
210,19,43,25.43,0.0,0.72
210,19,53,25.41,0.0,0.7
210,19,63,25.39,0.0,0.69
210,20,15,25.36,0.0,0.68
210,20,25,25.34,0.0,0.67
210,20,35,25.33,0.0,0.66
210,20,45,25.31,0.0,0.65
210,20,55,25.29,0.0,0.64
210,20,65,25.27,0.0,0.63
210,21,15,25.25,0.0,0.63
210,21,25,25.24,0.0,0.62
210,21,35,25.22,0.0,0.61
210,21,45,25.21,0.0,0.61
210,21,50,25.19,0.0,0.6
210,21,60,25.18,0.0,0.59
210,22,10,25.15,0.0,0.58
210,22,20,25.11,0.0,0.56
210,22,35,25.08,0.0,0.54
210,22,45,25.03,0.0,0.52
210,22,55,24.99,0.0,0.5
210,22,65,24.95,0.0,0.47
210,23,15,24.97,0.0,0.49
210,23,25,24.99,0.0,0.5
210,23,35,24.99,0.0,0.5
210,23,45,24.99,0.0,0.49
210,23,50,24.98,0.0,0.49
210,23,60,24.97,0.0,0.48
211,0,10,24.96,0.0,0.48
211,0,20,24.96,0.0,0.48
211,0,30,24.95,0.0,0.48
211,0,40,24.94,0.0,0.47
211,0,50,24.94,0.0,0.47
211,0,60,24.93,0.0,0.47
211,1,10,24.93,0.0,0.46
211,1,20,24.92,0.0,0.46
211,1,30,24.91,0.0,0.46
211,1,40,24.91,0.0,0.45
211,1,50,24.9,0.0,0.45
211,1,60,24.89,0.0,0.45
211,2,10,24.87,0.0,0.43
211,2,20,24.84,0.0,0.42
211,2,30,24.8,0.0,0.4
211,2,40,24.77,0.0,0.38
211,2,50,24.73,0.0,0.37
211,2,60,24.69,0.0,0.35
211,3,10,24.67,0.0,0.34
211,3,20,24.66,0.0,0.33
211,3,30,24.65,0.0,0.32
211,3,40,24.64,0.0,0.32
211,3,50,24.63,0.0,0.32
211,3,60,24.63,0.0,0.31
211,4,10,24.62,0.0,0.31
211,4,20,24.61,0.0,0.31
211,4,30,24.6,0.0,0.3
211,4,40,24.59,0.0,0.29
211,4,50,24.57,0.0,0.29
211,4,60,24.56,0.0,0.28
211,5,13,24.02,2442182.19,0.01
211,5,20,24.0,2226972.22,-0.0
211,5,30,24.0,2183491.38,-0.0
211,5,45,24.0,2158471.62,-0.0
211,5,55,24.0,2143740.27,-0.0
211,5,65,24.0,2132882.39,-0.0
211,6,13,24.0,1904255.8,-0.0
211,6,23,24.0,1959021.1,-0.0
211,6,33,24.0,2011273.8,-0.0
211,6,43,24.0,2065475.44,0.0
211,6,53,24.0,2121056.93,-0.0
211,6,63,24.0,2178434.79,-0.0
211,7,13,24.0,2765772.22,-0.0
211,7,23,24.0,2893831.58,-0.0
211,7,32,24.0,2990035.15,-0.0
211,7,42,24.0,3078823.43,-0.0
211,7,53,24.0,3158116.46,-0.0
211,7,62,24.0,3236998.45,-0.0
211,8,12,24.0,3277671.67,-0.0
211,8,23,24.0,3314440.78,-0.0
211,8,32,24.0,3347279.67,-0.0
211,8,42,24.0,3384313.61,-0.0
211,8,53,24.0,3417279.78,-0.0
211,8,62,24.0,3451480.47,-0.0
211,9,12,24.0,3495168.87,-0.0
211,9,22,24.0,3539130.39,-0.0
211,9,32,24.0,3582924.6,-0.0
211,9,42,24.0,3625352.21,-0.0
211,9,53,24.0,3664880.19,-0.0
211,9,62,24.0,3703058.73,-0.0
211,10,12,24.0,3749398.74,-0.0
211,10,23,24.0,3795573.85,-0.0
211,10,32,24.0,3839900.45,-0.0
211,10,42,24.0,3880063.42,-0.0
211,10,53,24.0,3918607.44,-0.0
211,10,62,24.0,3958281.83,-0.0
211,11,12,24.0,3826544.9,-0.0
211,11,23,24.0,3852068.93,-0.0
211,11,33,24.0,3881488.5,-0.0
211,11,43,24.0,3910087.94,-0.0
211,11,55,24.0,3939811.56,-0.0
211,11,65,24.0,3969838.07,-0.0
211,12,10,24.0,4121868.2,-0.0
211,12,20,24.0,4119812.41,-0.0
211,12,30,24.0,4111121.82,-0.0
211,12,40,24.0,4106137.2,-0.0
211,12,55,24.0,4100102.79,-0.0
211,12,65,24.0,4094491.73,-0.0
211,13,15,24.0,4090760.86,-0.0
211,13,20,24.0,4085668.57,-0.0
211,13,30,24.0,4079958.9,-0.0
211,13,40,24.0,4067371.79,-0.0
211,13,50,24.0,4051867.13,-0.0
211,13,60,24.0,4035957.71,-0.0
211,14,10,24.0,4042330.06,-0.0
211,14,20,24.0,4047656.91,-0.0
211,14,30,24.0,4051944.56,-0.0
211,14,40,24.0,4053153.62,-0.0
211,14,50,24.0,4053129.25,-0.0
211,14,65,24.0,4049740.21,-0.0
211,15,15,24.0,4046282.33,-0.0
211,15,23,24.0,4050260.05,-0.0
211,15,33,24.0,4058112.52,-0.0
211,15,43,24.0,4066090.59,-0.0
211,15,53,24.0,4075151.17,-0.0
211,15,63,24.0,4084763.78,-0.0
211,16,13,24.0,3621259.94,-0.0
211,16,23,24.0,3552443.4,-0.0
211,16,33,24.0,3505822.93,-0.0
211,16,43,24.0,3463769.73,-0.0
211,16,53,24.0,3430114.24,-0.0
211,16,63,24.0,3400282.94,-0.0
211,17,13,24.0,3221422.09,-0.0
211,17,23,24.0,3168304.62,-0.0
211,17,33,24.0,3126822.28,-0.0
211,17,43,24.0,3090127.12,-0.0
211,17,53,24.0,3056785.4,-0.0
211,17,63,24.0,3025405.13,-0.0
211,18,13,24.0,2976799.96,-0.0
211,18,23,24.0,2933684.29,-0.0
211,18,33,24.0,2888098.51,-0.0
211,18,43,24.0,2843167.04,-0.0
211,18,53,24.0,2795281.16,-0.0
211,18,63,24.0,2746420.23,-0.0
211,19,13,24.0,2668406.81,-0.0
211,19,23,24.0,2631680.85,-0.0
211,19,33,24.0,2604482.29,-0.0
211,19,45,24.0,2581160.01,0.0
211,19,55,24.0,2561821.0,-0.0
211,19,65,24.0,2544901.93,0.0
211,20,15,24.0,2525377.4,-0.0
211,20,25,24.0,2505586.85,0.0
211,20,35,24.0,2486832.8,-0.0
211,20,45,24.0,2468449.56,-0.0
211,20,55,24.0,2449993.66,-0.0
211,20,65,24.0,2431346.91,-0.0
211,21,13,24.45,0.0,0.22
211,21,25,24.86,0.0,0.43
211,21,30,25.07,0.0,0.54
211,21,40,25.15,0.0,0.57
211,21,50,25.19,0.0,0.59
211,21,60,25.22,0.0,0.61
211,22,10,25.22,0.0,0.61
211,22,20,25.22,0.0,0.61
211,22,30,25.21,0.0,0.6
211,22,40,25.2,0.0,0.6
211,22,50,25.19,0.0,0.59
211,22,60,25.17,0.0,0.59
211,23,10,25.15,0.0,0.58
211,23,20,25.14,0.0,0.57
211,23,30,25.13,0.0,0.57
211,23,40,25.13,0.0,0.56
211,23,50,25.12,0.0,0.56
211,23,60,25.12,0.0,0.56
212,0,10,25.1,0.0,0.55
212,0,25,25.07,0.0,0.54
212,0,35,25.04,0.0,0.52
212,0,45,25.01,0.0,0.5
212,0,55,24.97,0.0,0.49
212,0,65,24.93,0.0,0.47
212,1,10,24.92,0.0,0.46
212,1,20,24.92,0.0,0.46
212,1,30,24.94,0.0,0.47
212,1,40,24.95,0.0,0.48
212,1,50,24.97,0.0,0.49
212,1,60,25.0,0.0,0.5
212,2,10,25.01,0.0,0.5
212,2,20,25.01,0.0,0.5
212,2,30,25.01,0.0,0.5
212,2,40,25.01,0.0,0.5
212,2,50,25.01,0.0,0.5
212,2,60,25.0,0.0,0.5
212,3,10,25.0,0.0,0.5
212,3,20,24.99,0.0,0.49
212,3,30,24.98,0.0,0.49
212,3,40,24.97,0.0,0.48
212,3,50,24.96,0.0,0.48
212,3,60,24.94,0.0,0.47
212,4,10,24.93,0.0,0.47
212,4,20,24.91,0.0,0.46
212,4,30,24.89,0.0,0.45
212,4,40,24.86,0.0,0.43
212,4,50,24.83,0.0,0.42
212,4,60,24.8,0.0,0.4
212,5,13,24.03,2648706.35,0.01
212,5,20,24.0,2393896.78,-0.0
212,5,30,24.0,2347808.13,-0.0
212,5,45,24.0,2327921.41,-0.0
212,5,55,24.0,2327038.99,-0.0
212,5,65,24.0,2330620.77,-0.0
212,6,13,24.0,2326695.98,-0.0
212,6,23,24.0,2379351.72,-0.0
212,6,33,24.0,2428389.89,-0.0
212,6,43,24.0,2480076.17,-0.0
212,6,53,24.0,2528280.79,-0.0
212,6,63,24.0,2576503.96,-0.0
212,7,13,24.0,3175918.75,-0.0
212,7,23,24.0,3273453.44,-0.0
212,7,33,24.0,3343097.88,-0.0
212,7,43,24.0,3398747.98,-0.0
212,7,52,24.0,3446524.74,-0.0
212,7,62,24.0,3490001.81,-0.0
212,8,12,24.0,3561721.58,-0.0
212,8,22,24.0,3631072.23,-0.0
212,8,32,24.0,3698184.57,-0.0
212,8,42,24.0,3761313.17,-0.0
212,8,52,24.0,3822105.94,-0.0
212,8,62,24.0,3882815.95,-0.0
212,9,12,24.0,3928250.59,-0.0
212,9,22,24.0,3972546.97,-0.0
212,9,32,24.0,4015874.52,-0.0
212,9,42,24.0,4056738.43,-0.0
212,9,53,24.0,4096164.29,-0.0
212,9,62,24.0,4134481.44,-0.0
212,10,13,24.0,4155886.18,-0.0
212,10,23,24.0,4174963.99,-0.0
212,10,33,24.0,4191753.83,-0.0
212,10,43,24.0,4205842.74,-0.0
212,10,53,24.0,4218482.75,-0.0
212,10,65,24.0,4233642.97,-0.0
212,11,15,24.0,4092515.13,-0.0
212,11,25,24.0,4115551.86,-0.0
212,11,33,24.0,4144623.01,-0.0
212,11,43,24.0,4177564.48,-0.0
212,11,55,24.0,4213149.28,-0.0
212,11,65,24.0,4250908.18,-0.0
212,12,15,24.0,4481564.09,-0.0
212,12,25,24.0,4552111.68,-0.0
212,12,30,24.0,4619697.85,-0.0
212,12,40,24.0,4685081.56,-0.0
212,12,50,24.0,4751489.63,-0.0
212,12,65,24.0,4825417.3,-0.0
212,13,15,24.0,4830094.47,-0.0
212,13,25,24.0,4825506.79,-0.0
212,13,33,24.0,4814445.05,-0.0
212,13,43,24.0,4800502.39,-0.0
212,13,53,24.0,4783232.41,-0.0
212,13,65,24.0,4764549.87,-0.0
212,14,13,24.0,4705149.88,-0.0
212,14,23,24.0,4649084.49,-0.0
212,14,33,24.0,4594042.4,-0.0
212,14,43,24.0,4530610.08,-0.0
212,14,53,24.0,4464078.69,-0.0
212,14,62,24.0,4393080.81,-0.0
212,15,12,24.0,4409769.03,-0.0
212,15,23,24.0,4428410.53,-0.0
212,15,33,24.0,4445773.01,-0.0
212,15,43,24.0,4467986.87,-0.0
212,15,53,24.0,4491712.93,-0.0
212,15,63,24.0,4515843.3,-0.0
212,16,13,24.0,3944414.65,-0.0
212,16,23,24.0,3821007.37,-0.0
212,16,33,24.0,3728934.72,-0.0
212,16,43,24.0,3644842.7,-0.0
212,16,53,24.0,3566195.43,-0.0
212,16,63,24.0,3491290.36,-0.0
212,17,13,24.0,3303103.27,-0.0
212,17,23,24.0,3252646.08,-0.0
212,17,33,24.0,3211776.61,-0.0
212,17,43,24.0,3173608.85,-0.0
212,17,53,24.0,3136838.72,-0.0
212,17,63,24.0,3100906.25,-0.0
212,18,13,24.0,3049713.49,-0.0
212,18,23,24.0,2999973.89,-0.0
212,18,33,24.0,2952812.89,-0.0
212,18,43,24.0,2912425.47,-0.0
212,18,53,24.0,2875451.7,-0.0
212,18,63,24.0,2840666.39,-0.0
212,19,13,24.0,2777297.22,-0.0
212,19,25,24.0,2744890.57,-0.0
212,19,35,24.0,2716873.49,-0.0
212,19,45,24.0,2690717.77,-0.0
212,19,55,24.0,2665918.67,-0.0
212,19,65,24.0,2642168.07,-0.0
212,20,15,24.0,2612274.09,-0.0
212,20,25,24.0,2582619.71,-0.0
212,20,35,24.0,2554749.67,-0.0
212,20,45,24.0,2527847.1,-0.0
212,20,55,24.0,2501365.17,-0.0
212,20,65,24.0,2475228.58,-0.0
212,21,13,24.46,0.0,0.23
212,21,25,24.87,0.0,0.44
212,21,30,25.08,0.0,0.54
212,21,40,25.15,0.0,0.57
212,21,50,25.19,0.0,0.59
212,21,60,25.21,0.0,0.61
212,22,10,25.22,0.0,0.61
212,22,20,25.23,0.0,0.61
212,22,30,25.23,0.0,0.62
212,22,40,25.23,0.0,0.62
212,22,50,25.23,0.0,0.62
212,22,60,25.23,0.0,0.62
212,23,10,25.21,0.0,0.61
212,23,20,25.2,0.0,0.6
212,23,30,25.19,0.0,0.6
212,23,40,25.18,0.0,0.59
212,23,50,25.17,0.0,0.59
212,23,60,25.16,0.0,0.58
